Date;Time;Operation Mode;System Status;Flow [m3/h] W1-BF1;Flow [m³/h] W3-BF1 OR HW VFD Speed [Hz];Inlet Pressure [Bar];Outlet Pressure [Bar];Diff. Pressure [Bar];Uv Unit Temperature [C];Uv-I Sensor [W/m2];Total Lamp Pwr [kW];Calculated [m3];ByPass;Alarm;Flow Limit;Allowed Flow [m3];FullTime
02-01-2023;00:01:48;System Idle;system Idle;0;0;2,91;2,9;0,01;26,1;1;0;1434,2;System In Line;System Ok;500;35;02-01-2023 00:01:48
02-01-2023;00:06:49;System Idle;system Idle;0;0;2,92;2,91;0,01;26,1;1;0;1434,2;System In Line;System Ok;500;35;02-01-2023 00:06:49
02-01-2023;00:11:49;System Idle;system Idle;0;0;2,92;2,91;0,01;26,1;1;0;1434,2;System In Line;System Ok;500;35;02-01-2023 00:11:49
02-01-2023;00:16:50;System Idle;system Idle;0;0;2,92;2,91;0,01;26,1;1;0;1434,2;System In Line;System Ok;500;35;02-01-2023 00:16:50
02-01-2023;00:21:50;System Idle;system Idle;0;0;2,92;2,91;0,01;26,1;1;0;1434,2;System In Line;System Ok;500;35;02-01-2023 00:21:50
02-01-2023;00:26:51;System Idle;system Idle;0;0;2,92;2,91;0,01;26,1;1;0;1434,2;System In Line;System Ok;500;35;02-01-2023 00:26:51
02-01-2023;00:31:50;System Idle;system Idle;0;0;2,92;2,91;0,01;26,1;1;0;1434,2;System In Line;System Ok;500;35;02-01-2023 00:31:50
02-01-2023;00:36:51;System Idle;system Idle;0;0;2,92;2,91;0,01;26,1;1;0;1434,2;System In Line;System Ok;500;35;02-01-2023 00:36:51
02-01-2023;00:41:52;System Idle;system Idle;0;0;2,92;2,91;0,01;26,1;1;0;1434,2;System In Line;System Ok;500;35;02-01-2023 00:41:52
02-01-2023;00:46:53;System Idle;system Idle;0;0;2,92;2,91;0,01;26,1;1;0;1434,2;System In Line;System Ok;500;35;02-01-2023 00:46:53
02-01-2023;00:51:52;System Idle;system Idle;0;0;2,92;2,91;0,01;26,1;1;0;1434,2;System In Line;System Ok;500;35;02-01-2023 00:51:52
02-01-2023;00:56:53;System Idle;system Idle;0;0;2,92;2,91;0,01;26,1;1;0;1434,2;System In Line;System Ok;500;35;02-01-2023 00:56:53
02-01-2023;01:01:53;System Idle;system Idle;0;0;2,92;2,91;0,01;26,1;1;0;1434,2;System In Line;System Ok;500;35;02-01-2023 01:01:53
02-01-2023;01:06:54;System Idle;system Idle;0;0;2,92;2,91;0,01;26,1;1;0;1434,2;System In Line;System Ok;500;35;02-01-2023 01:06:54
02-01-2023;01:11:54;System Idle;system Idle;0;0;2,92;2,92;0,01;26,1;1;0;1434,2;System In Line;System Ok;500;35;02-01-2023 01:11:54
02-01-2023;01:16:55;System Idle;system Idle;0;0;2,92;2,92;0,01;26,1;1;0;1434,2;System In Line;System Ok;500;35;02-01-2023 01:16:55
02-01-2023;01:21:55;System Idle;system Idle;0;0;2,92;2,92;0;26,1;1;0;1434,2;System In Line;System Ok;500;35;02-01-2023 01:21:55
02-01-2023;01:26:56;System Idle;system Idle;0;0;2,93;2,92;0,01;26,1;1;0;1434,2;System In Line;System Ok;500;35;02-01-2023 01:26:56
02-01-2023;01:31:56;System Idle;system Idle;0;0;2,93;2,92;0,01;26,1;1;0;1434,2;System In Line;System Ok;500;35;02-01-2023 01:31:56
02-01-2023;01:36:57;System Idle;system Idle;0;0;2,93;2,92;0,01;26,1;1;0;1434,2;System In Line;System Ok;500;35;02-01-2023 01:36:57
02-01-2023;01:41:58;System Idle;system Idle;0;0;2,93;2,92;0,01;26;1;0;1434,2;System In Line;System Ok;500;35;02-01-2023 01:41:58
02-01-2023;01:46:58;System Idle;system Idle;0;0;2,93;2,92;0,01;26;1;0;1434,2;System In Line;System Ok;500;35;02-01-2023 01:46:58
02-01-2023;01:51:58;System Idle;system Idle;0;0;2,93;2,92;0,01;26;1;0;1434,2;System In Line;System Ok;500;35;02-01-2023 01:51:58
02-01-2023;01:56:59;System Idle;system Idle;0;0;2,92;2,92;0,01;26;1;0;1434,2;System In Line;System Ok;500;35;02-01-2023 01:56:59
02-01-2023;02:02:00;System Idle;system Idle;0;0;2,93;2,92;0,01;26;1;0;1434,2;System In Line;System Ok;500;35;02-01-2023 02:02:00
02-01-2023;02:07:01;System Idle;system Idle;0;0;2,93;2,92;0,01;26;1;0;1434,2;System In Line;System Ok;500;35;02-01-2023 02:07:01
02-01-2023;02:12:01;System Idle;system Idle;0;0;2,93;2,92;0,01;26;1;0;1434,2;System In Line;System Ok;500;35;02-01-2023 02:12:01
02-01-2023;02:17:01;System Idle;system Idle;0;0;2,93;2,92;0,01;26;1;0;1434,2;System In Line;System Ok;500;35;02-01-2023 02:17:01
02-01-2023;02:22:02;System Idle;system Idle;0;0;2,93;2,92;0,01;26;1;0;1434,2;System In Line;System Ok;500;35;02-01-2023 02:22:02
02-01-2023;02:27:02;System Idle;system Idle;0;0;2,93;2,92;0,01;26;1;0;1434,2;System In Line;System Ok;500;35;02-01-2023 02:27:02
02-01-2023;02:32:03;System Idle;system Idle;0;0;2,93;2,92;0,01;26;1;0;1434,2;System In Line;System Ok;500;35;02-01-2023 02:32:03
02-01-2023;02:37:03;System Idle;system Idle;0;0;2,93;2,92;0,01;26;1;0;1434,2;System In Line;System Ok;500;35;02-01-2023 02:37:03
02-01-2023;02:42:04;System Idle;system Idle;0;0;2,92;2,92;0,01;26;1;0;1434,2;System In Line;System Ok;500;35;02-01-2023 02:42:04
02-01-2023;02:47:04;System Idle;system Idle;0;0;2,92;2,92;0,01;26;1;0;1434,2;System In Line;System Ok;500;35;02-01-2023 02:47:04
02-01-2023;02:52:05;System Idle;system Idle;0;0;2,93;2,92;0;25,9;1;0;1434,2;System In Line;System Ok;500;35;02-01-2023 02:52:05
02-01-2023;02:57:05;System Idle;system Idle;0;0;2,92;2,92;0;25,9;1;0;1434,2;System In Line;System Ok;500;35;02-01-2023 02:57:05
02-01-2023;03:02:06;System Idle;system Idle;0;0;2,92;2,92;0,01;25,9;1;0;1434,2;System In Line;System Ok;500;35;02-01-2023 03:02:06
02-01-2023;03:07:07;System Idle;system Idle;0;0;2,92;2,91;0,01;25,9;1;0;1434,2;System In Line;System Ok;500;35;02-01-2023 03:07:07
02-01-2023;03:12:07;System Idle;system Idle;0;0;2,92;2,91;0,01;25,9;1;0;1434,2;System In Line;System Ok;500;35;02-01-2023 03:12:07
02-01-2023;03:17:07;System Idle;system Idle;0;0;2,92;2,91;0,01;25,9;1;0;1434,2;System In Line;System Ok;500;35;02-01-2023 03:17:07
02-01-2023;03:22:08;System Idle;system Idle;0;0;2,92;2,91;0,01;25,9;1;0;1434,2;System In Line;System Ok;500;35;02-01-2023 03:22:08
02-01-2023;03:27:08;System Idle;system Idle;0;0;2,92;2,91;0,01;25,9;1;0;1434,2;System In Line;System Ok;500;35;02-01-2023 03:27:08
02-01-2023;03:32:09;System Idle;system Idle;0;0;2,92;2,91;0,01;25,8;1;0;1434,2;System In Line;System Ok;500;35;02-01-2023 03:32:09
02-01-2023;03:37:09;System Idle;system Idle;0;0;2,92;2,91;0,01;25,8;1;0;1434,2;System In Line;System Ok;500;35;02-01-2023 03:37:09
02-01-2023;03:42:10;System Idle;system Idle;0;0;2,92;2,91;0,01;25,8;1;0;1434,2;System In Line;System Ok;500;35;02-01-2023 03:42:10
02-01-2023;03:47:10;System Idle;system Idle;0;0;2,92;2,91;0,01;25,8;1;0;1434,2;System In Line;System Ok;500;35;02-01-2023 03:47:10
02-01-2023;03:52:11;System Idle;system Idle;0;0;2,92;2,91;0,01;25,8;1;0;1434,2;System In Line;System Ok;500;35;02-01-2023 03:52:11
02-01-2023;03:57:12;System Idle;system Idle;0;0;2,92;2,91;0,01;25,8;1;0;1434,2;System In Line;System Ok;500;35;02-01-2023 03:57:12
02-01-2023;04:02:12;System Idle;system Idle;0;0;2,92;2,91;0,01;25,8;1;0;1434,2;System In Line;System Ok;500;35;02-01-2023 04:02:12
02-01-2023;04:07:13;System Idle;system Idle;0;0;2,92;2,91;0,01;25,8;1;0;1434,2;System In Line;System Ok;500;35;02-01-2023 04:07:13
02-01-2023;04:12:13;System Idle;system Idle;0;0;2,92;2,91;0,01;25,7;1;0;1434,2;System In Line;System Ok;500;35;02-01-2023 04:12:13
02-01-2023;04:17:14;System Idle;system Idle;0;0;2,92;2,91;0,01;25,7;1;0;1434,2;System In Line;System Ok;500;35;02-01-2023 04:17:14
02-01-2023;04:22:14;System Idle;system Idle;0;0;2,92;2,91;0,01;25,7;1;0;1434,2;System In Line;System Ok;500;35;02-01-2023 04:22:14
02-01-2023;04:27:15;System Idle;system Idle;0;0;2,92;2,91;0,01;25,7;1;0;1434,2;System In Line;System Ok;500;35;02-01-2023 04:27:15
02-01-2023;04:32:14;System Idle;system Idle;0;0;2,92;2,91;0,01;25,7;1;0;1434,2;System In Line;System Ok;500;35;02-01-2023 04:32:14
02-01-2023;04:37:15;System Idle;system Idle;0;0;2,92;2,91;0,01;25,7;1;0;1434,2;System In Line;System Ok;500;35;02-01-2023 04:37:15
02-01-2023;04:42:15;System Idle;system Idle;0;0;2,92;2,91;0,02;25,7;1;0;1434,2;System In Line;System Ok;500;35;02-01-2023 04:42:15
02-01-2023;04:47:16;System Idle;system Idle;0;0;2,91;2,9;0,01;25,6;1;0;1434,2;System In Line;System Ok;500;35;02-01-2023 04:47:16
02-01-2023;04:52:16;System Idle;system Idle;0;0;2,91;2,9;0,01;25,6;1;0;1434,2;System In Line;System Ok;500;35;02-01-2023 04:52:16
02-01-2023;04:57:17;System Idle;system Idle;0;0;2,91;2,9;0,01;25,6;1;0;1434,2;System In Line;System Ok;500;35;02-01-2023 04:57:17
02-01-2023;05:02:18;System Idle;system Idle;0;0;2,91;2,9;0,01;25,6;1;0;1434,2;System In Line;System Ok;500;35;02-01-2023 05:02:18
02-01-2023;05:07:19;System Idle;system Idle;0;0;2,91;2,9;0,01;25,6;1;0;1434,2;System In Line;System Ok;500;35;02-01-2023 05:07:19
02-01-2023;05:12:18;System Idle;system Idle;0;0;2,91;2,9;0,01;25,6;1;0;1434,2;System In Line;System Ok;500;35;02-01-2023 05:12:18
02-01-2023;05:17:19;System Idle;system Idle;0;0;2,91;2,9;0,01;25,6;1;0;1434,2;System In Line;System Ok;500;35;02-01-2023 05:17:19
02-01-2023;05:22:19;System Idle;system Idle;0;0;2,91;2,9;0,01;25,5;1;0;1434,2;System In Line;System Ok;500;35;02-01-2023 05:22:19
02-01-2023;05:27:20;System Idle;system Idle;0;0;2,91;2,9;0,01;25,5;1;0;1434,2;System In Line;System Ok;500;35;02-01-2023 05:27:20
02-01-2023;05:32:20;System Idle;system Idle;0;0;2,91;2,9;0,01;25,5;1;0;1434,2;System In Line;System Ok;500;35;02-01-2023 05:32:20
02-01-2023;05:37:21;System Idle;system Idle;0;0;2,91;2,9;0,01;25,5;1;0;1434,2;System In Line;System Ok;500;35;02-01-2023 05:37:21
02-01-2023;05:42:22;System Idle;system Idle;0;0;2,91;2,9;0,01;25,5;1;0;1434,2;System In Line;System Ok;500;35;02-01-2023 05:42:22
02-01-2023;05:47:22;System Idle;system Idle;0;0;2,91;2,9;0,01;25,5;1;0;1434,2;System In Line;System Ok;500;35;02-01-2023 05:47:22
02-01-2023;05:52:23;System Idle;system Idle;0;0;2,91;2,9;0,01;25,5;1;0;1434,2;System In Line;System Ok;500;35;02-01-2023 05:52:23
02-01-2023;05:57:23;System Idle;system Idle;0;0;2,91;2,9;0,01;25,5;1;0;1434,2;System In Line;System Ok;500;35;02-01-2023 05:57:23
02-01-2023;06:02:24;System Idle;system Idle;0;0;2,91;2,9;0,01;25,5;1;0;1434,2;System In Line;System Ok;500;35;02-01-2023 06:02:24
02-01-2023;06:07:25;System Idle;system Idle;0;0;2,9;2,9;0;25,4;1;0;1434,2;System In Line;System Ok;500;35;02-01-2023 06:07:25
02-01-2023;06:12:25;System Idle;system Idle;0;0;2,9;2,9;0;25,4;1;0;1434,2;System In Line;System Ok;500;35;02-01-2023 06:12:25
02-01-2023;06:17:25;System Idle;system Idle;0;0;2,9;2,89;0,01;25,4;1;0;1434,2;System In Line;System Ok;500;35;02-01-2023 06:17:25
02-01-2023;06:22:26;System Idle;system Idle;0;0;2,9;2,89;0,01;25,4;1;0;1434,2;System In Line;System Ok;500;35;02-01-2023 06:22:26
02-01-2023;06:27:26;System Idle;system Idle;0;0;2,9;2,89;0,01;25,4;1;0;1434,2;System In Line;System Ok;500;35;02-01-2023 06:27:26
02-01-2023;06:32:27;System Idle;system Idle;0;0;2,9;2,89;0,01;25,4;1;0;1434,2;System In Line;System Ok;500;35;02-01-2023 06:32:27
02-01-2023;06:37:27;System Idle;system Idle;0;0;2,9;2,89;0,01;25,4;1;0;1434,2;System In Line;System Ok;500;35;02-01-2023 06:37:27
02-01-2023;06:42:28;System Idle;system Idle;0;0;2,9;2,89;0,01;25,4;1;0;1434,2;System In Line;System Ok;500;35;02-01-2023 06:42:28
02-01-2023;06:47:28;System Idle;system Idle;0;0;2,9;2,89;0,01;25,4;1;0;1434,2;System In Line;System Ok;500;35;02-01-2023 06:47:28
02-01-2023;06:52:29;System Idle;system Idle;0;0;2,9;2,89;0,01;25,3;1;0;1434,2;System In Line;System Ok;500;35;02-01-2023 06:52:29
02-01-2023;06:57:29;System Idle;system Idle;0;0;2,9;2,89;0,01;25,3;1;0;1434,2;System In Line;System Ok;500;35;02-01-2023 06:57:29
02-01-2023;07:02:30;System Idle;system Idle;0;0;2,9;2,89;0,01;25,3;1;0;1434,2;System In Line;System Ok;500;35;02-01-2023 07:02:30
02-01-2023;07:07:31;System Idle;system Idle;0;0;2,9;2,89;0,01;25,3;1;0;1434,2;System In Line;System Ok;500;35;02-01-2023 07:07:31
02-01-2023;07:12:31;System Idle;system Idle;0;0;2,9;2,89;0,01;25,3;1;0;1434,2;System In Line;System Ok;500;35;02-01-2023 07:12:31
02-01-2023;07:17:31;System Idle;system Idle;0;0;2,9;2,89;0,01;25,3;1;0;1434,2;System In Line;System Ok;500;35;02-01-2023 07:17:31
02-01-2023;07:22:32;System Idle;system Idle;0;0;2,9;2,89;0,01;25,3;1;0;1434,2;System In Line;System Ok;500;35;02-01-2023 07:22:32
02-01-2023;07:27:32;System Idle;system Idle;0;0;2,9;2,89;0,01;25,3;1;0;1434,2;System In Line;System Ok;500;35;02-01-2023 07:27:32
02-01-2023;07:32:33;System Idle;system Idle;0;0;2,9;2,89;0,01;25,2;1;0;1434,2;System In Line;System Ok;500;35;02-01-2023 07:32:33
02-01-2023;07:37:33;System Idle;system Idle;0;0;2,9;2,89;0,01;25,2;1;0;1434,2;System In Line;System Ok;500;35;02-01-2023 07:37:33
02-01-2023;07:42:34;System Idle;system Idle;0;0;2,9;2,89;0,01;25,2;1;0;1434,2;System In Line;System Ok;500;35;02-01-2023 07:42:34
02-01-2023;07:47:34;System Idle;system Idle;0;0;2,89;2,89;0;25,2;1;0;1434,2;System In Line;System Ok;500;35;02-01-2023 07:47:34
02-01-2023;07:52:35;System Idle;system Idle;0;0;2,89;2,88;0,01;25,2;1;0;1434,2;System In Line;System Ok;500;35;02-01-2023 07:52:35
02-01-2023;07:57:35;System Idle;system Idle;0;0;2,89;2,88;0,01;25,2;1;0;1434,2;System In Line;System Ok;500;35;02-01-2023 07:57:35
02-01-2023;08:02:36;System Idle;system Idle;0;0;2,89;2,88;0,01;25,2;1;0;1434,2;System In Line;System Ok;500;35;02-01-2023 08:02:36
02-01-2023;08:07:37;System Idle;system Idle;0;0;2,89;2,88;0,01;25,2;1;0;1434,2;System In Line;System Ok;500;35;02-01-2023 08:07:37
02-01-2023;08:12:37;System Idle;system Idle;0;0;2,89;2,88;0,01;25,1;1;0;1434,2;System In Line;System Ok;500;35;02-01-2023 08:12:37
02-01-2023;08:17:38;System Idle;system Idle;0;0;2,89;2,88;0,01;25,1;1;0;1434,2;System In Line;System Ok;500;35;02-01-2023 08:17:38
02-01-2023;08:22:38;System Idle;system Idle;0;0;2,89;2,88;0,01;25,1;1;0;1434,2;System In Line;System Ok;500;35;02-01-2023 08:22:38
02-01-2023;08:27:39;System Idle;system Idle;0;0;2,89;2,88;0,01;25,1;1;0;1434,2;System In Line;System Ok;500;35;02-01-2023 08:27:39
02-01-2023;08:32:39;System Idle;system Idle;0;0;2,89;2,88;0,01;25,1;1;0;1434,2;System In Line;System Ok;500;35;02-01-2023 08:32:39
02-01-2023;08:37:39;System Idle;system Idle;0;0;2,89;2,88;0,01;25,1;1;0;1434,2;System In Line;System Ok;500;35;02-01-2023 08:37:39
02-01-2023;08:42:40;System Idle;system Idle;0;0;2,89;2,88;0,01;25,1;1;0;1434,2;System In Line;System Ok;500;35;02-01-2023 08:42:40
02-01-2023;08:47:40;System Idle;system Idle;0;0;2,89;2,88;0,01;25,1;1;0;1434,2;System In Line;System Ok;500;35;02-01-2023 08:47:40
02-01-2023;08:52:41;System Idle;system Idle;0;0;2,89;2,88;0,01;25,1;1;0;1434,2;System In Line;System Ok;500;35;02-01-2023 08:52:41
02-01-2023;08:57:41;System Idle;system Idle;0;0;2,89;2,88;0,01;25,1;1;0;1434,2;System In Line;System Ok;500;35;02-01-2023 08:57:41
02-01-2023;09:02:42;System Idle;system Idle;0;0;2,89;2,88;0,01;25,1;1;0;1434,2;System In Line;System Ok;500;35;02-01-2023 09:02:42
02-01-2023;09:07:43;System Idle;system Idle;0;0;2,89;2,88;0,01;25;1;0;1434,2;System In Line;System Ok;500;35;02-01-2023 09:07:43
02-01-2023;09:12:43;System Idle;system Idle;0;0;2,89;2,88;0,01;25;1;0;1434,2;System In Line;System Ok;500;35;02-01-2023 09:12:43
02-01-2023;09:17:44;System Idle;system Idle;0;0;2,89;2,88;0,01;25;1;0;1434,2;System In Line;System Ok;500;35;02-01-2023 09:17:44
02-01-2023;09:22:44;System Idle;system Idle;0;0;2,89;2,88;0,01;25;1;0;1434,2;System In Line;System Ok;500;35;02-01-2023 09:22:44
02-01-2023;09:27:45;System Idle;system Idle;0;0;2,89;2,88;0,01;25;1;0;1434,2;System In Line;System Ok;500;35;02-01-2023 09:27:45
02-01-2023;09:32:44;System Idle;system Idle;0;0;2,89;2,88;0,01;25;1;0;1434,2;System In Line;System Ok;500;35;02-01-2023 09:32:44
02-01-2023;09:37:45;System Idle;system Idle;0;0;2,89;2,88;0,01;25;1;0;1434,2;System In Line;System Ok;500;35;02-01-2023 09:37:45
02-01-2023;09:42:45;System Idle;system Idle;0;0;2,89;2,88;0,01;25;1;0;1434,2;System In Line;System Ok;500;35;02-01-2023 09:42:45
02-01-2023;09:47:46;System Idle;system Idle;0;0;2,89;2,88;0,01;25;1;0;1434,2;System In Line;System Ok;500;35;02-01-2023 09:47:46
02-01-2023;09:52:46;System Idle;system Idle;0;0;2,89;2,88;0,01;25;1;0;1434,2;System In Line;System Ok;500;35;02-01-2023 09:52:46
02-01-2023;09:57:47;System Idle;system Idle;0;0;2,89;2,88;0,01;24,9;1;0;1434,2;System In Line;System Ok;500;35;02-01-2023 09:57:47
02-01-2023;10:02:48;System Idle;system Idle;0;0;2,89;2,87;0,01;24,9;1;0;1434,2;System In Line;System Ok;500;35;02-01-2023 10:02:48
02-01-2023;10:07:49;System Idle;system Idle;0;0;2,88;2,87;0,01;24,9;1;0;1434,2;System In Line;System Ok;500;35;02-01-2023 10:07:49
02-01-2023;10:12:48;System Idle;system Idle;0;0;2,88;2,87;0,01;24,9;1;0;1434,2;System In Line;System Ok;500;35;02-01-2023 10:12:48
02-01-2023;10:17:49;System Idle;system Idle;0;0;2,88;2,87;0,01;24,9;1;0;1434,2;System In Line;System Ok;500;35;02-01-2023 10:17:49
02-01-2023;10:22:49;System Idle;system Idle;0;0;2,88;2,87;0,01;24,9;1;0;1434,2;System In Line;System Ok;500;35;02-01-2023 10:22:49
02-01-2023;10:27:50;System Idle;system Idle;0;0;2,88;2,87;0,01;24,9;1;0;1434,2;System In Line;System Ok;500;35;02-01-2023 10:27:50
02-01-2023;10:32:50;System Idle;system Idle;0;0;2,88;2,87;0,01;24,9;1;0;1434,2;System In Line;System Ok;500;35;02-01-2023 10:32:50
02-01-2023;10:37:51;System Idle;system Idle;0;0;2,88;2,87;0,01;24,9;1;0;1434,2;System In Line;System Ok;500;35;02-01-2023 10:37:51
02-01-2023;10:42:51;System Idle;system Idle;0;0;2,88;2,87;0,01;24,9;1;0;1434,2;System In Line;System Ok;500;35;02-01-2023 10:42:51
02-01-2023;10:47:52;System Idle;system Idle;0;0;2,88;2,87;0,01;24,8;1;0;1434,2;System In Line;System Ok;500;35;02-01-2023 10:47:52
02-01-2023;10:52:52;System Idle;system Idle;0;0;2,88;2,87;0,01;24,8;1;0;1434,2;System In Line;System Ok;500;35;02-01-2023 10:52:52
02-01-2023;10:57:53;System Idle;system Idle;0;0;2,88;2,87;0,01;24,8;1;0;1434,2;System In Line;System Ok;500;35;02-01-2023 10:57:53
02-01-2023;11:02:54;System Idle;system Idle;0;0;2,88;2,87;0,01;24,8;1;0;1434,2;System In Line;System Ok;500;35;02-01-2023 11:02:54
02-01-2023;11:07:55;System Idle;system Idle;0;0;2,88;2,87;0,01;24,8;1;0;1434,2;System In Line;System Ok;500;35;02-01-2023 11:07:55
02-01-2023;11:12:54;System Idle;system Idle;0;0;2,88;2,87;0,01;24,8;1;0;1434,2;System In Line;System Ok;500;35;02-01-2023 11:12:54
02-01-2023;11:17:55;System Idle;system Idle;0;0;2,88;2,87;0,01;24,8;1;0;1434,2;System In Line;System Ok;500;35;02-01-2023 11:17:55
02-01-2023;11:22:55;System Idle;system Idle;0;0;2,88;2,87;0,01;24,8;1;0;1434,2;System In Line;System Ok;500;35;02-01-2023 11:22:55
02-01-2023;11:27:56;System Idle;system Idle;0;0;2,88;2,87;0,01;24,8;1;0;1434,2;System In Line;System Ok;500;35;02-01-2023 11:27:56
02-01-2023;11:32:56;System Idle;system Idle;0;0;2,88;2,87;0,01;24,8;1;0;1434,2;System In Line;System Ok;500;35;02-01-2023 11:32:56
02-01-2023;11:37:57;System Idle;system Idle;0;0;2,88;2,87;0,01;24,7;1;0;1434,2;System In Line;System Ok;500;35;02-01-2023 11:37:57
02-01-2023;11:42:57;System Idle;system Idle;0;0;2,88;2,87;0,01;24,7;1;0;1434,2;System In Line;System Ok;500;35;02-01-2023 11:42:57
02-01-2023;11:47:58;System Idle;system Idle;0;0;2,87;2,87;0,01;24,7;1;0;1434,2;System In Line;System Ok;500;35;02-01-2023 11:47:58
02-01-2023;11:52:58;System Idle;system Idle;0;0;2,87;2,86;0,01;24,7;1;0;1434,2;System In Line;System Ok;500;35;02-01-2023 11:52:58
02-01-2023;11:57:59;System Idle;system Idle;0;0;2,87;2,86;0,01;24,7;1;0;1434,2;System In Line;System Ok;500;35;02-01-2023 11:57:59
02-01-2023;12:03:00;System Idle;system Idle;0;0;2,87;2,86;0,01;24,7;1;0;1434,2;System In Line;System Ok;500;35;02-01-2023 12:03:00
02-01-2023;12:08:01;System Idle;system Idle;0;0;2,87;2,86;0,01;24,7;1;0;1434,2;System In Line;System Ok;500;35;02-01-2023 12:08:01
02-01-2023;12:13:00;System Idle;system Idle;0;0;2,87;2,86;0,01;24,6;1;0;1434,2;System In Line;System Ok;500;35;02-01-2023 12:13:00
02-01-2023;12:18:01;System Idle;system Idle;0;0;2,87;2,86;0,01;24,6;1;0;1434,2;System In Line;System Ok;500;35;02-01-2023 12:18:01
02-01-2023;12:23:02;System Idle;system Idle;0;0;2,87;2,86;0,01;24,6;1;0;1434,2;System In Line;System Ok;500;35;02-01-2023 12:23:02
02-01-2023;12:28:02;System Idle;system Idle;0;0;2,87;2,86;0,01;24,6;1;0;1434,2;System In Line;System Ok;500;35;02-01-2023 12:28:02
02-01-2023;12:33:03;System Idle;system Idle;0;0;2,87;2,86;0,01;24,6;1;0;1434,2;System In Line;System Ok;500;35;02-01-2023 12:33:03
02-01-2023;12:38:03;System Idle;system Idle;0;0;2,87;2,86;0,01;24,6;1;0;1434,2;System In Line;System Ok;500;35;02-01-2023 12:38:03
02-01-2023;12:43:04;System Idle;system Idle;0;0;2,87;2,86;0,01;24,6;1;0;1434,2;System In Line;System Ok;500;35;02-01-2023 12:43:04
02-01-2023;12:48:04;System Idle;system Idle;0;0;2,87;2,86;0,01;24,6;1;0;1434,2;System In Line;System Ok;500;35;02-01-2023 12:48:04
02-01-2023;12:53:05;System Idle;system Idle;0;0;2,87;2,86;0,01;24,6;1;0;1434,2;System In Line;System Ok;500;35;02-01-2023 12:53:05
02-01-2023;12:58:05;System Idle;system Idle;0;0;2,87;2,86;0,01;24,5;1;0;1434,2;System In Line;System Ok;500;35;02-01-2023 12:58:05
02-01-2023;13:03:06;System Idle;system Idle;0;0;2,86;2,85;0;24,5;1;0;1434,2;System In Line;System Ok;500;35;02-01-2023 13:03:06
02-01-2023;13:08:07;System Idle;system Idle;0;0;2,86;2,85;0,01;24,5;1;0;1434,2;System In Line;System Ok;500;35;02-01-2023 13:08:07
02-01-2023;13:13:07;System Idle;system Idle;0;0;2,86;2,85;0,01;24,5;1;0;1434,2;System In Line;System Ok;500;35;02-01-2023 13:13:07
02-01-2023;13:18:07;System Idle;system Idle;0;0;2,86;2,85;0,01;24,5;1;0;1434,2;System In Line;System Ok;500;35;02-01-2023 13:18:07
02-01-2023;13:23:08;System Idle;system Idle;0;0;2,86;2,85;0,01;24,5;1;0;1434,2;System In Line;System Ok;500;35;02-01-2023 13:23:08
02-01-2023;13:28:08;System Idle;system Idle;0;0;2,86;2,85;0,01;24,5;1;0;1434,2;System In Line;System Ok;500;35;02-01-2023 13:28:08
02-01-2023;13:33:09;System Idle;system Idle;0;0;2,86;2,85;0,01;24,5;1;0;1434,2;System In Line;System Ok;500;35;02-01-2023 13:33:09
02-01-2023;13:38:09;System Idle;system Idle;0;0;2,86;2,85;0,01;24,4;1;0;1434,2;System In Line;System Ok;500;35;02-01-2023 13:38:09
02-01-2023;13:43:10;System Idle;system Idle;0;0;2,86;2,85;0,01;24,4;1;0;1434,2;System In Line;System Ok;500;35;02-01-2023 13:43:10
02-01-2023;13:43:45;Ballast;Open Recirculation Valves;0;0;2,86;2,85;0,01;24,4;1;0;1434,2;System In Line;System Ok;500;35;02-01-2023 13:43:45
02-01-2023;13:43:51;Ballast;Recirculation;0;13;2,88;2,87;0,01;24,4;1;0;1434,2;System In Line;System Ok;500;35;02-01-2023 13:43:51
02-01-2023;13:43:56;Ballast;Powering Up UV Lamps;0;25;2,88;2,87;0,01;24,4;2;13,698;1434,2;System In Line;System Ok;500;35;02-01-2023 13:43:56
02-01-2023;13:44:02;Ballast;Powering Up UV Lamps;0;25;2,89;2,88;0,01;24,4;10;12,856;1434,2;System In Line;System Ok;500;35;02-01-2023 13:44:02
02-01-2023;13:44:07;Ballast;Powering Up UV Lamps;0;25;2,9;2,89;0,01;24,4;8;12,698;1434,2;System In Line;System Ok;500;35;02-01-2023 13:44:07
02-01-2023;13:44:13;Ballast;Powering Up UV Lamps;0;25;2,9;2,89;0,01;24,3;10;14,55;1434,2;System In Line;System Ok;500;35;02-01-2023 13:44:13
02-01-2023;13:44:18;Ballast;Powering Up UV Lamps;0;25;2,9;2,89;0,01;24,1;18;20,966;1434,2;System In Line;System Ok;500;35;02-01-2023 13:44:18
02-01-2023;13:44:24;Ballast;Powering Up UV Lamps;0;25;2,9;2,89;0,01;24;70;29,919;1434,2;System In Line;System Ok;500;35;02-01-2023 13:44:24
02-01-2023;13:44:29;Ballast;Powering Up UV Lamps;0;25;2,89;2,89;0,01;23,9;234;41,405;1434,2;System In Line;System Ok;500;89,37501;02-01-2023 13:44:29
02-01-2023;13:44:35;Ballast;Powering Up UV Lamps;0;25;2,89;2,88;0,01;23,9;296;45,816;1434,2;System In Line;System Ok;500;135;02-01-2023 13:44:35
02-01-2023;13:44:40;Ballast;Powering Up UV Lamps;0;25;2,89;2,89;0;23,9;329;55,556;1434,2;System In Line;System Ok;500;155,625;02-01-2023 13:44:40
02-01-2023;13:44:46;Ballast;Powering Up UV Lamps;0;25;2,9;2,89;0,01;24;434;66,003;1434,2;System In Line;System Ok;500;207,5;02-01-2023 13:44:46
02-01-2023;13:44:51;Ballast;Powering Up UV Lamps;0;25;2,9;2,89;0,01;24,3;565;71,591;1434,2;System In Line;System Ok;500;303,125;02-01-2023 13:44:51
02-01-2023;13:44:57;Ballast;Powering Up UV Lamps;0;25;2,9;2,9;0,01;24,6;635;72,002;1434,2;System In Line;System Ok;500;343,125;02-01-2023 13:44:57
02-01-2023;13:45:02;Ballast;Start Ballast Pump;0;25;2,91;2,9;0,01;25,1;628;72,007;1434,2;System In Line;System Ok;500;342,5;02-01-2023 13:45:02
02-01-2023;13:45:08;Ballast;Start Ballast Pump;0;25;2,91;2,91;0,01;25,5;609;72,001;1434,2;System In Line;System Ok;500;331,875;02-01-2023 13:45:08
02-01-2023;13:45:13;Ballast;Start Ballast Pump;0;25;2,92;2,91;0,01;25,8;606;72,003;1434,2;System In Line;System Ok;500;331,25;02-01-2023 13:45:13
02-01-2023;13:45:19;Ballast;Start Ballast Pump;0;25;2,92;2,92;0;26,1;594;72,008;1434,2;System In Line;System Ok;500;322,5;02-01-2023 13:45:19
02-01-2023;13:45:24;Ballast;Start Ballast Pump;0;25;2,93;2,93;0;26,5;581;71,992;1434,2;System In Line;System Ok;500;313,125;02-01-2023 13:45:24
02-01-2023;13:45:30;Ballast;Start Ballast Pump;0;25;2,94;2,93;0,01;26,8;559;72,003;1434,2;System In Line;System Ok;500;306,25;02-01-2023 13:45:30
02-01-2023;13:45:35;Ballast;Start Ballast Pump;0;25;2,95;2,94;0,01;27,1;561;72,007;1434,2;System In Line;System Ok;500;300,625;02-01-2023 13:45:35
02-01-2023;13:45:41;Ballast;Start Ballast Pump;0;25;2,96;2,95;0;27,5;543;71,996;1434,2;System In Line;System Ok;500;292,5;02-01-2023 13:45:41
02-01-2023;13:45:46;Ballast;Start Ballast Pump;0;25;2,96;2,96;0,01;27,8;535;71,991;1434,2;System In Line;System Ok;500;284,375;02-01-2023 13:45:46
02-01-2023;13:45:52;Ballast;Start Ballast Pump;0;25;2,98;2,97;0,01;28,1;528;72,007;1434,2;System In Line;System Ok;500;281,25;02-01-2023 13:45:52
02-01-2023;13:45:57;Ballast;Start Ballast Pump;0;25;3,01;3,01;0;28,4;511;72,006;1434,2;System In Line;System Ok;500;270,625;02-01-2023 13:45:57
02-01-2023;13:46:03;Ballast;Running Ballast;0;23;3,6;3,61;0,03;28,7;500;72,003;1434,2;System In Line;System Ok;500;264,375;02-01-2023 13:46:03
02-01-2023;13:46:08;Ballast;Running Ballast;162;2;3,32;3,16;0,08;29;484;71,995;0,1;System In Line;System Ok;500;240,625;02-01-2023 13:46:08
02-01-2023;13:46:14;Ballast;Running Ballast;276;0;3,91;3,77;0,11;29,1;744;71,999;0,4;System In Line;System Ok;500;405,625;02-01-2023 13:46:14
02-01-2023;13:46:19;Ballast;Running Ballast;344;0;3,7;3,49;0,15;27,9;360;72,003;0,9;System In Line;System Ok;500;226,875;02-01-2023 13:46:19
02-01-2023;13:46:25;Ballast;Running Ballast;269;0;4,19;3,8;0,23;26,2;244;72;1,4;System In Line;System Ok;500;97,50001;02-01-2023 13:46:25
02-01-2023;13:46:30;Ballast;Filter Flushing;199;10;4,25;4,13;0,33;23,7;224;71,99;1,8;System In Line;System Ok;500;90;02-01-2023 13:46:30
02-01-2023;13:46:36;Ballast;Filter Flushing;160;45;4,31;4,27;0,22;21,4;237;71,967;2;System In Line;System Ok;500;96,875;02-01-2023 13:46:36
02-01-2023;13:46:41;Ballast;Running Ballast;128;46;4,38;4,38;0,03;19,5;242;72,005;2,3;System In Line;System Ok;500;101,25;02-01-2023 13:46:41
02-01-2023;13:46:47;Ballast;Running Ballast;109;23;4,43;4,39;0,02;17,9;246;71,997;2,4;System In Line;System Ok;500;103,125;02-01-2023 13:46:47
02-01-2023;13:46:52;Ballast;Running Ballast;86;1;4,42;4,44;0,02;16,9;247;72,003;2,6;System In Line;System Ok;500;104,375;02-01-2023 13:46:52
02-01-2023;13:46:58;Ballast;Running Ballast;86;0;4,45;4,46;0,01;16,2;246;71,997;2,7;System In Line;System Ok;500;103,75;02-01-2023 13:46:58
02-01-2023;13:47:03;Ballast;Running Ballast;81;0;4,44;4,41;0,01;15,7;242;71,996;2,9;System In Line;System Ok;500;101,25;02-01-2023 13:47:03
02-01-2023;13:47:09;Ballast;Running Ballast;89;0;4,43;4,4;0,02;15,2;240;72,001;3;System In Line;System Ok;500;100;02-01-2023 13:47:09
02-01-2023;13:47:14;Ballast;Running Ballast;82;0;4,4;4,4;0,02;14,8;239;72;3,1;System In Line;System Ok;500;99,37499;02-01-2023 13:47:14
02-01-2023;13:47:20;Ballast;Running Ballast;96;0;4,42;4,36;0,05;14,4;239;72,003;3,2;System In Line;System Ok;500;99,37499;02-01-2023 13:47:20
02-01-2023;13:47:25;Ballast;Running Ballast;108;0;4,39;4,36;0,06;14,1;235;72,012;3,4;System In Line;System Ok;500;96,875;02-01-2023 13:47:25
02-01-2023;13:47:31;Ballast;Running Ballast;104;0;4,41;4,36;0,05;13,7;234;71,993;3,6;System In Line;System Ok;500;96,25;02-01-2023 13:47:31
02-01-2023;13:47:36;Ballast;Running Ballast;104;0;4,41;4,33;0,06;13,4;233;71,993;3,7;System In Line;System Ok;500;95,62502;02-01-2023 13:47:36
02-01-2023;13:47:42;Ballast;Running Ballast;98;0;4,42;4,33;0,08;13,1;232;71,996;3,9;System In Line;System Ok;500;95,00002;02-01-2023 13:47:42
02-01-2023;13:47:47;Ballast;Running Ballast;97;0;4,42;4,31;0,1;12,9;231;71,992;4;System In Line;System Ok;500;94,375;02-01-2023 13:47:47
02-01-2023;13:47:53;Ballast;Running Ballast;97;0;4,43;4,34;0,11;12,7;232;71,998;4,2;System In Line;System Ok;500;94,375;02-01-2023 13:47:53
02-01-2023;13:47:58;Ballast;Running Ballast;83;0;4,46;4,32;0,11;12,6;233;71,995;4,3;System In Line;System Ok;500;95,00002;02-01-2023 13:47:58
02-01-2023;13:48:04;Ballast;Running Ballast;83;0;4,47;4,3;0,13;12,5;232;71,993;4,4;System In Line;System Ok;500;95,00002;02-01-2023 13:48:04
02-01-2023;13:48:09;Ballast;Running Ballast;81;0;4,47;4,29;0,17;12,4;233;71,997;4,6;System In Line;System Ok;500;95,62502;02-01-2023 13:48:09
02-01-2023;13:48:15;Ballast;Running Ballast;85;0;4,44;4,2;0,18;12,3;232;72,001;4,7;System In Line;System Ok;500;95,00002;02-01-2023 13:48:15
02-01-2023;13:48:20;Ballast;Running Ballast;87;0;4,45;4,2;0,21;12,2;232;71,991;4,8;System In Line;System Ok;500;95,00002;02-01-2023 13:48:20
02-01-2023;13:48:26;Ballast;Running Ballast;86;0;4,45;4,17;0,25;12,1;232;72,006;5;System In Line;System Ok;500;95,00002;02-01-2023 13:48:26
02-01-2023;13:48:31;Ballast;Running Ballast;86;0;4,45;4,15;0,27;12,1;231;72,005;5,1;System In Line;System Ok;500;94,375;02-01-2023 13:48:31
02-01-2023;13:48:37;Ballast;Running Ballast;99;0;4,4;4,04;0,3;12,1;231;72,004;5,2;System In Line;System Ok;500;94,375;02-01-2023 13:48:37
02-01-2023;13:48:42;Ballast;Filter Flushing;148;23;4,33;4,28;0,25;11,9;226;71,996;5,4;System In Line;System Ok;500;91,25;02-01-2023 13:48:42
02-01-2023;13:48:48;Ballast;Filter Flushing;129;48;4,37;4,38;0,1;11,8;230;72,002;5,6;System In Line;System Ok;500;93,75;02-01-2023 13:48:48
02-01-2023;13:48:53;Ballast;Running Ballast;122;33;4,39;4,38;0,01;11,7;232;72,004;5,8;System In Line;System Ok;500;95,00002;02-01-2023 13:48:53
02-01-2023;13:48:59;Ballast;Running Ballast;79;7;4,49;4,49;0,02;11,7;235;72,008;6;System In Line;System Ok;500;96,875;02-01-2023 13:48:59
02-01-2023;13:49:04;Ballast;Running Ballast;66;0;4,51;4,47;0,02;11,7;235;72,007;6,1;System In Line;System Ok;500;96,875;02-01-2023 13:49:04
02-01-2023;13:49:10;Ballast;Running Ballast;81;0;4,42;4,41;0,02;11,8;233;72,004;6,2;System In Line;System Ok;500;95,62502;02-01-2023 13:49:10
02-01-2023;13:49:15;Ballast;Running Ballast;91;0;4,44;4,39;0,03;12,1;233;72,006;6,3;System In Line;System Ok;500;95,62502;02-01-2023 13:49:15
02-01-2023;13:49:21;Ballast;Running Ballast;91;0;4,42;4,4;0,04;12,1;235;71,995;6,5;System In Line;System Ok;500;96,25;02-01-2023 13:49:21
02-01-2023;13:49:26;Ballast;Running Ballast;88;0;4,44;4,39;0,03;12,1;237;72,003;6,6;System In Line;System Ok;500;98,12501;02-01-2023 13:49:26
02-01-2023;13:49:32;Ballast;Running Ballast;87;0;4,42;4,42;0,02;12,1;240;71,996;6,7;System In Line;System Ok;500;99,37499;02-01-2023 13:49:32
02-01-2023;13:49:37;Ballast;Running Ballast;102;0;4,37;4,35;0,01;12,1;239;71,999;6,9;System In Line;System Ok;500;99,37499;02-01-2023 13:49:37
02-01-2023;13:49:43;Ballast;Running Ballast;115;0;4,37;4,34;0,03;12,1;237;71,996;7;System In Line;System Ok;500;98,12501;02-01-2023 13:49:43
02-01-2023;13:49:48;Ballast;Running Ballast;114;0;4,4;4,35;0,04;12;236;72,005;7,2;System In Line;System Ok;500;97,50001;02-01-2023 13:49:48
02-01-2023;13:49:54;Ballast;Running Ballast;101;0;4,41;4,37;0,04;11,8;234;71,994;7,4;System In Line;System Ok;500;96,25;02-01-2023 13:49:54
02-01-2023;13:49:59;Ballast;Running Ballast;98;0;4,42;4,37;0,05;11,7;234;71,997;7,5;System In Line;System Ok;500;96,25;02-01-2023 13:49:59
02-01-2023;13:50:05;Ballast;Running Ballast;98;0;4,38;4,37;0,06;11,6;234;72,008;7,7;System In Line;System Ok;500;96,25;02-01-2023 13:50:05
02-01-2023;13:50:10;Ballast;Running Ballast;95;0;4,41;4,35;0,05;11,6;234;72,003;7,8;System In Line;System Ok;500;96,25;02-01-2023 13:50:10
02-01-2023;13:50:16;Ballast;Running Ballast;95;0;4,43;4,3;0,07;11,5;234;71,994;8;System In Line;System Ok;500;95,62502;02-01-2023 13:50:16
02-01-2023;13:50:21;Ballast;Running Ballast;93;0;4,43;4,3;0,1;11,5;235;72,007;8,1;System In Line;System Ok;500;96,875;02-01-2023 13:50:21
02-01-2023;13:50:27;Ballast;Running Ballast;92;0;4,42;4,3;0,12;11,5;236;71,998;8,3;System In Line;System Ok;500;97,50001;02-01-2023 13:50:27
02-01-2023;13:50:32;Ballast;Running Ballast;92;0;4,42;4,28;0,13;11,4;236;72,007;8,4;System In Line;System Ok;500;97,50001;02-01-2023 13:50:32
02-01-2023;13:50:38;Ballast;Running Ballast;90;0;4,44;4,25;0,15;11,4;235;72,001;8,5;System In Line;System Ok;500;96,875;02-01-2023 13:50:38
02-01-2023;13:50:43;Ballast;Running Ballast;90;0;4,41;4,22;0,18;11,3;234;72,005;8,7;System In Line;System Ok;500;96,25;02-01-2023 13:50:43
02-01-2023;13:50:49;Ballast;Running Ballast;89;0;4,44;4,19;0,2;11,3;233;72;8,8;System In Line;System Ok;500;95,62502;02-01-2023 13:50:49
02-01-2023;13:50:54;Ballast;Running Ballast;88;0;4,41;4,17;0,23;11,3;233;72,005;9;System In Line;System Ok;500;95,62502;02-01-2023 13:50:54
02-01-2023;13:51:00;Ballast;Running Ballast;87;0;4,4;4,16;0,25;11,3;232;72,006;9,1;System In Line;System Ok;500;95,00002;02-01-2023 13:51:00
02-01-2023;13:51:05;Ballast;Running Ballast;91;0;4,41;4,09;0,27;11,2;231;72,007;9,2;System In Line;System Ok;500;95,00002;02-01-2023 13:51:05
02-01-2023;13:51:11;Ballast;Filter Flushing;92;0;4,42;4,08;0,31;11,2;231;72,004;9,4;System In Line;System Ok;500;94,375;02-01-2023 13:51:11
02-01-2023;13:51:16;Ballast;Filter Flushing;134;29;4,31;4,31;0,2;11,2;228;71,992;9,5;System In Line;System Ok;500;91,87502;02-01-2023 13:51:16
02-01-2023;13:51:22;Ballast;Running Ballast;135;47;4,33;4,31;0,05;11,2;232;72,002;9,7;System In Line;System Ok;500;95,00002;02-01-2023 13:51:22
02-01-2023;13:51:27;Ballast;Running Ballast;107;25;4,45;4,42;0,02;11,1;233;71,992;9,9;System In Line;System Ok;500;95,62502;02-01-2023 13:51:27
02-01-2023;13:51:33;Ballast;Running Ballast;76;2;4,47;4,45;0,02;11,1;233;72,007;10;System In Line;System Ok;500;95,62502;02-01-2023 13:51:33
02-01-2023;13:51:38;Ballast;Running Ballast;75;0;4,48;4,46;0,02;11,1;232;72,001;10,2;System In Line;System Ok;500;95,00002;02-01-2023 13:51:38
02-01-2023;13:51:44;Ballast;Running Ballast;76;0;4,45;4,45;0,02;11,3;232;72;10,3;System In Line;System Ok;500;95,00002;02-01-2023 13:51:44
02-01-2023;13:51:49;Ballast;Running Ballast;79;0;4,42;4,41;0,03;11,5;232;71,993;10,4;System In Line;System Ok;500;94,375;02-01-2023 13:51:49
02-01-2023;13:51:55;Ballast;Running Ballast;101;0;4,39;4,4;0,03;11,6;232;71,995;10,5;System In Line;System Ok;500;95,00002;02-01-2023 13:51:55
02-01-2023;13:52:00;Ballast;Running Ballast;99;0;4,41;4,37;0,01;11,6;233;72,003;10,7;System In Line;System Ok;500;95,62502;02-01-2023 13:52:00
02-01-2023;13:52:06;Ballast;Running Ballast;99;0;4,41;4,38;0,02;11,6;236;71,998;10,8;System In Line;System Ok;500;97,50001;02-01-2023 13:52:06
02-01-2023;13:52:11;Ballast;Running Ballast;97;0;4,41;4,37;0,03;11,6;237;72;11;System In Line;System Ok;500;98,12501;02-01-2023 13:52:11
02-01-2023;13:52:17;Ballast;Running Ballast;95;0;4,41;4,36;0,04;11,6;237;71,993;11,1;System In Line;System Ok;500;98,12501;02-01-2023 13:52:17
02-01-2023;13:52:22;Ballast;Running Ballast;95;0;4,41;4,36;0,04;11,6;234;72,007;11,3;System In Line;System Ok;500;96,875;02-01-2023 13:52:22
02-01-2023;13:52:28;Ballast;Running Ballast;94;0;4,42;4,4;0,04;11,4;232;72,009;11,4;System In Line;System Ok;500;95,00002;02-01-2023 13:52:28
02-01-2023;13:52:33;Ballast;Running Ballast;93;0;4,43;4,37;0,04;11,4;232;72,005;11,6;System In Line;System Ok;500;95,00002;02-01-2023 13:52:33
02-01-2023;13:52:39;Ballast;Running Ballast;92;0;4,42;4,37;0,04;11,3;234;71,994;11,7;System In Line;System Ok;500;95,62502;02-01-2023 13:52:39
02-01-2023;13:52:44;Ballast;Running Ballast;90;0;4,46;4,36;0,06;11,3;235;71,999;11,9;System In Line;System Ok;500;96,875;02-01-2023 13:52:44
02-01-2023;13:52:50;Ballast;Running Ballast;91;0;4,43;4,37;0,08;11,3;236;71,999;12;System In Line;System Ok;500;97,50001;02-01-2023 13:52:50
02-01-2023;13:52:55;Ballast;Running Ballast;91;0;4,43;4,3;0,09;11,2;235;72,005;12,1;System In Line;System Ok;500;96,875;02-01-2023 13:52:55
02-01-2023;13:53:01;Ballast;Running Ballast;89;0;4,45;4,29;0,11;11,2;234;72,005;12,3;System In Line;System Ok;500;96,25;02-01-2023 13:53:01
02-01-2023;13:53:06;Ballast;Running Ballast;89;0;4,44;4,31;0,14;11,2;233;72,003;12,4;System In Line;System Ok;500;95,62502;02-01-2023 13:53:06
02-01-2023;13:53:12;Ballast;Running Ballast;87;0;4,45;4,3;0,15;11,2;232;71,994;12,5;System In Line;System Ok;500;95,00002;02-01-2023 13:53:12
02-01-2023;13:53:17;Ballast;Running Ballast;106;0;4,42;4,19;0,16;11,1;230;72,004;12,7;System In Line;System Ok;500;93,75;02-01-2023 13:53:17
02-01-2023;13:53:23;Ballast;Running Ballast;106;0;4,4;4,17;0,2;11,1;229;72,005;12,8;System In Line;System Ok;500;93,12502;02-01-2023 13:53:23
02-01-2023;13:53:28;Ballast;Running Ballast;103;0;4,42;4,15;0,25;11,1;229;72,009;13;System In Line;System Ok;500;93,12502;02-01-2023 13:53:28
02-01-2023;13:53:34;Ballast;Running Ballast;103;0;4,41;4,11;0,27;11;229;72,005;13,2;System In Line;System Ok;500;93,12502;02-01-2023 13:53:34
02-01-2023;13:53:39;Ballast;Filter Flushing;91;0;4,42;4,07;0,31;11;230;72,004;13,3;System In Line;System Ok;500;93,75;02-01-2023 13:53:39
02-01-2023;13:53:45;Ballast;Filter Flushing;95;25;4,42;4,02;0,35;10,9;230;71,994;13,4;System In Line;System Ok;500;93,75;02-01-2023 13:53:45
02-01-2023;13:53:50;Ballast;Filter Flushing;102;49;4,39;3,99;0,39;10,9;228;71,999;13,6;System In Line;System Ok;500;92,5;02-01-2023 13:53:50
02-01-2023;13:53:56;Ballast;Filter Flushing;100;50;4,43;3,92;0,44;10,9;228;72;13,8;System In Line;System Ok;500;92,5;02-01-2023 13:53:56
02-01-2023;13:54:01;Ballast;Filter Flushing;97;50;4,43;3,88;0,5;10,9;228;72;13,9;System In Line;System In Alarm;500;92,5;02-01-2023 13:54:01
02-01-2023;13:54:07;Ballast;Filter Flushing;94;50;4,42;3,85;0,55;10,8;229;72,005;14;System In Line;System In Alarm;500;93,12502;02-01-2023 13:54:07
02-01-2023;13:54:12;Ballast;Filter Flushing;92;50;4,46;3,8;0,6;10,8;229;72;14,2;System In Line;System In Alarm;500;92,5;02-01-2023 13:54:12
02-01-2023;13:54:18;Ballast;Filter Flushing;89;50;4,45;3,71;0,65;10,8;228;71,996;14,3;System In Line;System In Alarm;500;92,5;02-01-2023 13:54:18
02-01-2023;13:54:41;Ballast;Shutting Down;0;0;4,04;3,95;0,13;11;190;0;14,3;System In Line;System In Alarm;500;68,74999;02-01-2023 13:54:41
02-01-2023;13:54:47;Ballast;Open Recirculation Valves;0;0;0,34;0,32;0,05;11,4;5;0;14,3;System In Line;System In Alarm;500;35;02-01-2023 13:54:47
02-01-2023;13:54:52;Ballast;Recirculation;0;18;0,03;0,02;0,02;11,7;1;0;14,3;System In Line;System In Alarm;500;35;02-01-2023 13:54:52
02-01-2023;13:54:58;Ballast;Recirculation;0;25;0,03;0,02;0;12,1;1;0;14,3;System In Line;System In Alarm;500;35;02-01-2023 13:54:58
02-01-2023;13:55:03;Ballast;Recirculation;0;25;0,05;0,04;0,01;12,9;1;0;14,3;System In Line;System In Alarm;500;35;02-01-2023 13:55:03
02-01-2023;13:55:09;Ballast;Recirculation;0;25;0,06;0,06;0,01;13,1;1;0;14,3;System In Line;System In Alarm;500;35;02-01-2023 13:55:09
02-01-2023;13:55:14;Ballast;Recirculation;0;25;0,08;0,07;0,01;13,2;1;0;14,3;System In Line;System In Alarm;500;35;02-01-2023 13:55:14
02-01-2023;13:55:20;Ballast;Recirculation;0;25;0,1;0,09;0,01;13,2;1;0;14,3;System In Line;System In Alarm;500;35;02-01-2023 13:55:20
02-01-2023;13:55:25;Ballast;Recirculation;0;25;0,11;0,1;0,01;13,2;1;0;14,3;System In Line;System In Alarm;500;35;02-01-2023 13:55:25
02-01-2023;13:55:31;Ballast;Recirculation;0;25;0,12;0,11;0,01;13,2;1;0;14,3;System In Line;System In Alarm;500;35;02-01-2023 13:55:31
02-01-2023;13:55:36;Ballast;Recirculation;0;25;0,13;0,12;0;13,1;1;0;14,3;System In Line;System In Alarm;500;35;02-01-2023 13:55:36
02-01-2023;13:55:42;Ballast;Recirculation;0;25;0,13;0,13;0;13,1;1;0;14,3;System In Line;System In Alarm;500;35;02-01-2023 13:55:42
02-01-2023;13:55:47;Ballast;Recirculation;0;25;0,14;0,13;0,01;13;1;0;14,3;System In Line;System In Alarm;500;35;02-01-2023 13:55:47
02-01-2023;13:55:53;Ballast;Recirculation;0;25;0,15;0,14;0;12,9;1;0;14,3;System In Line;System In Alarm;500;35;02-01-2023 13:55:53
02-01-2023;13:55:58;Ballast;Recirculation;0;25;0,15;0,15;0;12,9;1;0;14,3;System In Line;System In Alarm;500;35;02-01-2023 13:55:58
02-01-2023;13:56:04;Ballast;Recirculation;0;25;0,15;0,15;0;12,8;1;0;14,3;System In Line;System In Alarm;500;35;02-01-2023 13:56:04
02-01-2023;13:56:09;Ballast;Recirculation;0;25;0,16;0,15;0;12,8;1;0;14,3;System In Line;System In Alarm;500;35;02-01-2023 13:56:09
02-01-2023;13:56:15;Ballast;Recirculation;0;25;0,16;0,15;0,01;12,7;1;0;14,3;System In Line;System In Alarm;500;35;02-01-2023 13:56:15
02-01-2023;13:56:20;Ballast;Recirculation;0;25;0,16;0,16;0;12,7;1;0;14,3;System In Line;System In Alarm;500;35;02-01-2023 13:56:20
02-01-2023;13:56:26;Ballast;Recirculation;0;25;0,17;0,16;0;12,7;1;0;14,3;System In Line;System In Alarm;500;35;02-01-2023 13:56:26
02-01-2023;13:56:31;Ballast;Recirculation;0;25;0,17;0,17;0;12,6;1;0;14,3;System In Line;System In Alarm;500;35;02-01-2023 13:56:31
02-01-2023;13:56:37;Ballast;Recirculation;0;25;0,18;0,17;0;12,6;1;0;14,3;System In Line;System In Alarm;500;35;02-01-2023 13:56:37
02-01-2023;13:56:42;Ballast;Recirculation;0;25;0,18;0,18;0;12,6;1;0;14,3;System In Line;System In Alarm;500;35;02-01-2023 13:56:42
02-01-2023;13:56:48;Ballast;Recirculation;0;25;0,18;0,18;0;12,5;1;0;14,3;System In Line;System In Alarm;500;35;02-01-2023 13:56:48
02-01-2023;14:01:49;Ballast;System not Ready;0;0;0,18;0,17;0,01;13,3;1;0;14,3;System In Line;System In Alarm;500;35;02-01-2023 14:01:49
02-01-2023;14:06:49;Ballast;System not Ready;0;0;0,19;0,17;0,02;13,3;1;0;14,3;System In Line;System In Alarm;500;35;02-01-2023 14:06:49
02-01-2023;14:11:49;Ballast;System not Ready;0;0;0,19;0,18;0,01;13,4;1;0;14,3;System In Line;System In Alarm;500;35;02-01-2023 14:11:49
02-01-2023;14:16:50;Ballast;System not Ready;0;0;0,19;0,18;0,01;13,5;1;0;14,3;System In Line;System In Alarm;500;35;02-01-2023 14:16:50
02-01-2023;14:21:50;Ballast;System not Ready;0;0;0,19;0,18;0,01;13,6;1;0;14,3;System In Line;System In Alarm;500;35;02-01-2023 14:21:50
02-01-2023;14:26:51;Ballast;System not Ready;0;0;0,2;0,18;0,02;13,7;1;0;14,3;System In Line;System In Alarm;500;35;02-01-2023 14:26:51
02-01-2023;14:31:51;Ballast;System not Ready;0;0;0,2;0,19;0,01;13,7;1;0;14,3;System In Line;System In Alarm;500;35;02-01-2023 14:31:51
02-01-2023;14:36:52;Cleaning In Place;System not Ready;0;0;0,2;0,19;0,01;13,8;1;0;14,3;System In Line;System In Alarm;500;35;02-01-2023 14:36:52
02-01-2023;14:39:56;Cleaning In Place;Open Recirculation Valves;0;0;0,21;0,2;0,01;13,9;1;0;14,3;System In Line;System Ok;500;35;02-01-2023 14:39:56
02-01-2023;14:40:02;Cleaning In Place;Open Recirculation Valves;0;0;0,16;0,14;0,01;13,9;1;0;14,3;System In Line;System Ok;500;35;02-01-2023 14:40:02
02-01-2023;14:40:07;Cleaning In Place;Filling from CIP System;0;0;0;-0,01;0,01;13,9;1;0;14,3;System In Line;System Ok;500;35;02-01-2023 14:40:07
02-01-2023;14:40:13;Cleaning In Place;Filling from CIP System;0;0;0;-0,01;0,01;13,9;1;0;14,3;System In Line;System Ok;500;35;02-01-2023 14:40:13
02-01-2023;14:40:18;Cleaning In Place;Filling from CIP System;0;0;0;-0,01;0,01;13,9;1;0;14,3;System In Line;System Ok;500;35;02-01-2023 14:40:18
02-01-2023;14:40:24;Cleaning In Place;Filling from CIP System;0;0;0;-0,01;0,01;13,9;1;0;14,3;System In Line;System Ok;500;35;02-01-2023 14:40:24
02-01-2023;14:40:29;Cleaning In Place;Filling from CIP System;0;0;0;-0,01;0,01;13,9;1;0;14,3;System In Line;System Ok;500;35;02-01-2023 14:40:29
02-01-2023;14:40:35;Cleaning In Place;Filling from CIP System;0;0;0;-0,01;0,01;13,9;1;0;14,3;System In Line;System Ok;500;35;02-01-2023 14:40:35
02-01-2023;14:40:40;Cleaning In Place;Filling from CIP System;0;0;0;-0,01;0,01;13,9;1;0;14,3;System In Line;System Ok;500;35;02-01-2023 14:40:40
02-01-2023;14:40:46;Cleaning In Place;Filling from CIP System;0;0;0;-0,01;0,01;13,9;1;0;14,3;System In Line;System Ok;500;35;02-01-2023 14:40:46
02-01-2023;14:40:51;Cleaning In Place;Filling from CIP System;0;0;0;-0,01;0,01;13,9;1;0;14,3;System In Line;System Ok;500;35;02-01-2023 14:40:51
02-01-2023;14:40:57;Cleaning In Place;Filling from CIP System;0;0;0;-0,01;0,01;13,9;1;0;14,3;System In Line;System Ok;500;35;02-01-2023 14:40:57
02-01-2023;14:41:02;Cleaning In Place;Filling from CIP System;0;0;0;-0,01;0,01;13,9;1;0;14,3;System In Line;System Ok;500;35;02-01-2023 14:41:02
02-01-2023;14:41:08;Cleaning In Place;Filling from CIP System;0;0;0;-0,01;0,01;13,9;1;0;14,3;System In Line;System Ok;500;35;02-01-2023 14:41:08
02-01-2023;14:41:13;Cleaning In Place;Filling from CIP System;0;0;0,01;0;0,01;13,9;1;0;14,3;System In Line;System Ok;500;35;02-01-2023 14:41:13
02-01-2023;14:41:19;Cleaning In Place;Filling from CIP System;0;0;0,02;0,01;0,01;13,9;1;0;14,3;System In Line;System Ok;500;35;02-01-2023 14:41:19
02-01-2023;14:41:24;Cleaning In Place;Filling from CIP System;0;0;0,02;0,01;0,01;13,9;1;0;14,3;System In Line;System Ok;500;35;02-01-2023 14:41:24
02-01-2023;14:41:30;Cleaning In Place;Filling from CIP System;0;0;0,03;0,02;0,01;13,9;1;0;14,3;System In Line;System Ok;500;35;02-01-2023 14:41:30
02-01-2023;14:41:35;Cleaning In Place;Filling from CIP System;0;0;0,04;0,03;0,01;13,9;1;0;14,3;System In Line;System Ok;500;35;02-01-2023 14:41:35
02-01-2023;14:41:41;Cleaning In Place;Filling from CIP System;0;0;0,05;0,03;0,01;13,9;1;0;14,3;System In Line;System Ok;500;35;02-01-2023 14:41:41
02-01-2023;14:41:46;Cleaning In Place;Filling from CIP System;0;0;0,05;0,04;0,01;13,9;1;0;14,3;System In Line;System Ok;500;35;02-01-2023 14:41:46
02-01-2023;14:41:52;Cleaning In Place;Filling from CIP System;0;0;0,06;0,05;0,01;13,9;1;0;14,3;System In Line;System Ok;500;35;02-01-2023 14:41:52
02-01-2023;14:41:57;Cleaning In Place;Filling from CIP System;0;0;0,07;0,06;0,01;13,9;1;0;14,3;System In Line;System Ok;500;35;02-01-2023 14:41:57
02-01-2023;14:42:03;Cleaning In Place;Filling from CIP System;0;0;0,08;0,06;0,01;13,9;1;0;14,3;System In Line;System Ok;500;35;02-01-2023 14:42:03
02-01-2023;14:42:08;Cleaning In Place;Filling from CIP System;0;0;0,08;0,07;0,01;13,9;1;0;14,3;System In Line;System Ok;500;35;02-01-2023 14:42:08
02-01-2023;14:42:14;Cleaning In Place;Filling from CIP System;0;0;0,09;0,08;0,01;13,9;1;0;14,3;System In Line;System Ok;500;35;02-01-2023 14:42:14
02-01-2023;14:42:20;Cleaning In Place;Filling from CIP System;0;0;0,1;0,09;0,01;13,9;1;0;14,3;System In Line;System Ok;500;35;02-01-2023 14:42:20
02-01-2023;14:42:25;Cleaning In Place;Filling from CIP System;0;0;0,11;0,1;0,01;13,9;1;0;14,3;System In Line;System Ok;500;35;02-01-2023 14:42:25
02-01-2023;14:42:30;Cleaning In Place;Filling from CIP System;0;0;0,12;0,1;0,01;13,9;1;0;14,3;System In Line;System Ok;500;35;02-01-2023 14:42:30
02-01-2023;14:42:36;Cleaning In Place;Filling from CIP System;0;0;0,13;0,12;0,01;13,9;1;0;14,3;System In Line;System Ok;500;35;02-01-2023 14:42:36
02-01-2023;14:42:42;Cleaning In Place;Freshwater CIP System;0;0;0,14;0,13;0,01;13,9;1;0;14,3;System In Line;System Ok;500;35;02-01-2023 14:42:42
02-01-2023;14:42:47;Cleaning In Place;Freshwater CIP System;0;0;0,42;0,36;0,01;13,9;1;0;14,3;System In Line;System Ok;500;35;02-01-2023 14:42:47
02-01-2023;14:42:52;Cleaning In Place;Freshwater CIP System;0;0;0,77;0,76;0,02;13,9;1;0;14,3;System In Line;System Ok;500;35;02-01-2023 14:42:52
02-01-2023;14:42:58;Cleaning In Place;Freshwater CIP System;0;0;0,54;0,52;0,02;13,9;1;0;14,3;System In Line;System Ok;500;35;02-01-2023 14:42:58
02-01-2023;14:43:03;Cleaning In Place;Freshwater CIP System;0;0;0,5;0,49;0,02;14;1;0;14,3;System In Line;System Ok;500;35;02-01-2023 14:43:03
02-01-2023;14:43:09;Cleaning In Place;Freshwater CIP System;0;0;0,52;0,51;0,01;14;1;0;14,3;System In Line;System Ok;500;35;02-01-2023 14:43:09
02-01-2023;14:43:15;Cleaning In Place;Freshwater CIP System;0;0;0,49;0,48;0,01;14;1;0;14,3;System In Line;System Ok;500;35;02-01-2023 14:43:15
02-01-2023;14:43:20;Cleaning In Place;Freshwater CIP System;0;0;0,12;0,1;0,01;14,1;1;0;14,3;System In Line;System Ok;500;35;02-01-2023 14:43:20
02-01-2023;14:43:25;Cleaning In Place;CIP Recirculation UV Unit;0;4;-0,01;-0,03;0,01;14,2;1;0;14,3;System In Line;System Ok;500;35;02-01-2023 14:43:25
02-01-2023;14:43:31;Cleaning In Place;CIP Recirculation UV Unit;0;24;0,01;0;0,01;14,2;1;0;14,3;System In Line;System Ok;500;35;02-01-2023 14:43:31
02-01-2023;14:43:36;Cleaning In Place;CIP Recirculation UV Unit;0;25;0,03;0,03;0;14,2;1;0;14,3;System In Line;System Ok;500;35;02-01-2023 14:43:36
02-01-2023;14:43:42;Cleaning In Place;CIP Recirculation UV Unit;0;25;0,09;0,09;0;14,2;1;0;14,3;System In Line;System Ok;500;35;02-01-2023 14:43:42
02-01-2023;14:43:47;Cleaning In Place;CIP Recirculation UV Unit;0;25;0,11;0,11;0;14,2;1;0;14,3;System In Line;System Ok;500;35;02-01-2023 14:43:47
02-01-2023;14:43:53;Cleaning In Place;CIP Recirculation UV Unit;0;25;0,13;0,12;0;14,2;1;0;14,3;System In Line;System Ok;500;35;02-01-2023 14:43:53
02-01-2023;14:43:58;Cleaning In Place;CIP Recirculation UV Unit;0;25;0,14;0,14;0;14,1;1;0;14,3;System In Line;System Ok;500;35;02-01-2023 14:43:58
02-01-2023;14:44:04;Cleaning In Place;CIP Recirculation UV Unit;0;25;0,15;0,14;0,01;14,1;1;0;14,3;System In Line;System Ok;500;35;02-01-2023 14:44:04
02-01-2023;14:44:09;Cleaning In Place;CIP Recirculation UV Unit;0;25;0,15;0,15;0;14;1;0;14,3;System In Line;System Ok;500;35;02-01-2023 14:44:09
02-01-2023;14:44:15;Cleaning In Place;CIP Recirculation UV Unit;0;25;0,16;0,15;0;13,9;1;0;14,3;System In Line;System Ok;500;35;02-01-2023 14:44:15
02-01-2023;14:44:20;Cleaning In Place;CIP Recirculation UV Unit;0;25;0,16;0,16;0,01;13,9;1;0;14,3;System In Line;System Ok;500;35;02-01-2023 14:44:20
02-01-2023;14:44:26;Cleaning In Place;CIP Recirculation UV Unit;0;25;0,16;0,16;0;13,8;1;0;14,3;System In Line;System Ok;500;35;02-01-2023 14:44:26
02-01-2023;14:44:31;Cleaning In Place;CIP Recirculation UV Unit;0;25;0,17;0,16;0;13,8;1;0;14,3;System In Line;System Ok;500;35;02-01-2023 14:44:31
02-01-2023;14:44:37;Cleaning In Place;CIP Recirculation UV Unit;0;25;0,17;0,16;0,01;13,8;1;0;14,3;System In Line;System Ok;500;35;02-01-2023 14:44:37
02-01-2023;14:44:42;Cleaning In Place;CIP Recirculation UV Unit;0;25;0,17;0,16;0,01;13,7;1;0;14,3;System In Line;System Ok;500;35;02-01-2023 14:44:42
02-01-2023;14:44:48;Cleaning In Place;CIP Recirculation UV Unit;0;25;0,17;0,17;0,01;13,7;1;0;14,3;System In Line;System Ok;500;35;02-01-2023 14:44:48
02-01-2023;14:44:53;Cleaning In Place;CIP Recirculation UV Unit;0;25;0,17;0,17;0;13,7;1;0;14,3;System In Line;System Ok;500;35;02-01-2023 14:44:53
02-01-2023;14:44:59;Cleaning In Place;CIP Recirculation UV Unit;0;25;0,17;0,17;0;13,7;1;0;14,3;System In Line;System Ok;500;35;02-01-2023 14:44:59
02-01-2023;14:45:04;Cleaning In Place;CIP Recirculation UV Unit;0;25;0,17;0,17;0;13,6;1;0;14,3;System In Line;System Ok;500;35;02-01-2023 14:45:04
02-01-2023;14:45:10;Cleaning In Place;CIP Recirculation UV Unit;0;25;0,17;0,17;0;13,6;1;0;14,3;System In Line;System Ok;500;35;02-01-2023 14:45:10
02-01-2023;14:45:15;Cleaning In Place;CIP Recirculation UV Unit;0;25;0,17;0,17;0;13,6;1;0;14,3;System In Line;System Ok;500;35;02-01-2023 14:45:15
02-01-2023;14:45:21;Cleaning In Place;CIP Recirculation UV Unit;0;25;0,17;0,17;0;13,6;1;0;14,3;System In Line;System Ok;500;35;02-01-2023 14:45:21
02-01-2023;14:45:26;Cleaning In Place;CIP Recirculation UV Unit;0;25;0,17;0,17;0;13,6;1;0;14,3;System In Line;System Ok;500;35;02-01-2023 14:45:26
02-01-2023;14:45:32;Cleaning In Place;CIP Recirculation UV Unit;0;25;0,17;0,17;0;13,6;1;0;14,3;System In Line;System Ok;500;35;02-01-2023 14:45:32
02-01-2023;14:45:37;Cleaning In Place;CIP Recirculation UV Unit;0;25;0,17;0,17;0;13,5;1;0;14,3;System In Line;System Ok;500;35;02-01-2023 14:45:37
02-01-2023;14:45:43;Cleaning In Place;CIP Recirculation UV Unit;0;25;0,18;0,17;0;13,5;1;0;14,3;System In Line;System Ok;500;35;02-01-2023 14:45:43
02-01-2023;14:45:48;Cleaning In Place;CIP Recirculation UV Unit;0;25;0,18;0,17;0,01;13,5;1;0;14,3;System In Line;System Ok;500;35;02-01-2023 14:45:48
02-01-2023;14:45:54;Cleaning In Place;CIP Recirculation UV Unit;0;25;0,18;0,17;0,01;13,5;1;0;14,3;System In Line;System Ok;500;35;02-01-2023 14:45:54
02-01-2023;14:45:59;Cleaning In Place;CIP Recirculation UV Unit;0;25;0,18;0,17;0,01;13,5;1;0;14,3;System In Line;System Ok;500;35;02-01-2023 14:45:59
02-01-2023;14:46:05;Cleaning In Place;CIP Recirculation UV Unit;0;25;0,18;0,17;0,01;13,5;1;0;14,3;System In Line;System Ok;500;35;02-01-2023 14:46:05
02-01-2023;14:46:10;Cleaning In Place;CIP Recirculation UV Unit;0;25;0,18;0,18;0,01;13,5;1;0;14,3;System In Line;System Ok;500;35;02-01-2023 14:46:10
02-01-2023;14:46:16;Cleaning In Place;CIP Recirculation UV Unit;0;25;0,18;0,18;0,01;13,5;1;0;14,3;System In Line;System Ok;500;35;02-01-2023 14:46:16
02-01-2023;14:46:21;Cleaning In Place;CIP Recirculation UV Unit;0;25;0,18;0,18;0;13,5;1;0;14,3;System In Line;System Ok;500;35;02-01-2023 14:46:21
02-01-2023;14:46:27;Cleaning In Place;CIP Recirculation UV Unit;0;25;0,18;0,18;0;13,5;1;0;14,3;System In Line;System Ok;500;35;02-01-2023 14:46:27
02-01-2023;14:46:32;Cleaning In Place;CIP Recirculation UV Unit;0;25;0,18;0,18;0;13,5;1;0;14,3;System In Line;System Ok;500;35;02-01-2023 14:46:32
02-01-2023;14:46:38;Cleaning In Place;CIP Recirculation UV Unit;0;25;0,18;0,18;0;13,5;1;0;14,3;System In Line;System Ok;500;35;02-01-2023 14:46:38
02-01-2023;14:46:43;Cleaning In Place;CIP Recirculation UV Unit;0;25;0,18;0,18;0;13,5;1;0;14,3;System In Line;System Ok;500;35;02-01-2023 14:46:43
02-01-2023;14:46:49;Cleaning In Place;CIP Recirculation UV Unit;0;25;0,18;0,18;0;13,5;1;0;14,3;System In Line;System Ok;500;35;02-01-2023 14:46:49
02-01-2023;14:46:54;Cleaning In Place;CIP Recirculation UV Unit;0;25;0,18;0,18;0;13,5;1;0;14,3;System In Line;System Ok;500;35;02-01-2023 14:46:54
02-01-2023;14:47:00;Cleaning In Place;CIP Recirculation UV Unit;0;25;0,18;0,18;0;13,5;1;0;14,3;System In Line;System Ok;500;35;02-01-2023 14:47:00
02-01-2023;14:47:05;Cleaning In Place;CIP Recirculation UV Unit;0;25;0,18;0,18;0;13,5;1;0;14,3;System In Line;System Ok;500;35;02-01-2023 14:47:05
02-01-2023;14:47:11;Cleaning In Place;CIP Recirculation UV Unit;0;25;0,18;0,18;0;13,5;1;0;14,3;System In Line;System Ok;500;35;02-01-2023 14:47:11
02-01-2023;14:47:16;Cleaning In Place;CIP Recirculation UV Unit;0;25;0,18;0,18;0;13,5;1;0;14,3;System In Line;System Ok;500;35;02-01-2023 14:47:16
02-01-2023;14:47:22;Cleaning In Place;CIP Recirculation UV Unit;0;25;0,18;0,18;0;13,5;1;0;14,3;System In Line;System Ok;500;35;02-01-2023 14:47:22
02-01-2023;14:47:28;Cleaning In Place;CIP Recirculation UV Unit;0;25;0,18;0,18;0;13,6;1;0;14,3;System In Line;System Ok;500;35;02-01-2023 14:47:28
02-01-2023;14:47:33;Cleaning In Place;CIP Recirculation UV Unit;0;25;0,18;0,18;0;13,6;1;0;14,3;System In Line;System Ok;500;35;02-01-2023 14:47:33
02-01-2023;14:47:38;Cleaning In Place;CIP Recirculation UV Unit;0;25;0,18;0,18;0;13,6;1;0;14,3;System In Line;System Ok;500;35;02-01-2023 14:47:38
02-01-2023;14:47:44;Cleaning In Place;CIP Recirculation UV Unit;0;25;0,18;0,18;0;13,6;1;0;14,3;System In Line;System Ok;500;35;02-01-2023 14:47:44
02-01-2023;14:47:49;Cleaning In Place;CIP Recirculation UV Unit;0;25;0,18;0,19;0;13,6;1;0;14,3;System In Line;System Ok;500;35;02-01-2023 14:47:49
02-01-2023;14:47:55;Cleaning In Place;CIP Recirculation UV Unit;0;25;0,18;0,19;-0,01;13,6;1;0;14,3;System In Line;System Ok;500;35;02-01-2023 14:47:55
02-01-2023;14:48:00;Cleaning In Place;CIP Recirculation UV Unit;0;25;0,18;0,19;-0,01;13,6;1;0;14,3;System In Line;System Ok;500;35;02-01-2023 14:48:00
02-01-2023;14:48:06;Cleaning In Place;CIP Recirculation UV Unit;0;25;0,19;0,19;-0,01;13,6;1;0;14,3;System In Line;System Ok;500;35;02-01-2023 14:48:06
02-01-2023;14:48:11;Cleaning In Place;CIP Recirculation UV Unit;0;25;0,19;0,19;0;13,6;1;0;14,3;System In Line;System Ok;500;35;02-01-2023 14:48:11
02-01-2023;14:48:17;Cleaning In Place;CIP Recirculation UV Unit;0;25;0,19;0,19;0;13,6;1;0;14,3;System In Line;System Ok;500;35;02-01-2023 14:48:17
02-01-2023;14:48:22;Cleaning In Place;CIP Recirculation UV Unit;0;25;0,19;0,19;0;13,6;1;0;14,3;System In Line;System Ok;500;35;02-01-2023 14:48:22
02-01-2023;14:48:28;Cleaning In Place;CIP Recirculation UV Unit;0;25;0,19;0,19;0;13,6;1;0;14,3;System In Line;System Ok;500;35;02-01-2023 14:48:28
02-01-2023;14:48:33;Cleaning In Place;CIP Recirculation UV Unit;0;25;0,19;0,19;0;13,6;1;0;14,3;System In Line;System Ok;500;35;02-01-2023 14:48:33
02-01-2023;14:48:39;Cleaning In Place;CIP Recirculation UV Unit;0;25;0,19;0,19;0;13,6;1;0;14,3;System In Line;System Ok;500;35;02-01-2023 14:48:39
02-01-2023;14:48:44;Cleaning In Place;CIP Recirculation UV Unit;0;25;0,19;0,2;0;13,6;1;0;14,3;System In Line;System Ok;500;35;02-01-2023 14:48:44
02-01-2023;14:48:50;Cleaning In Place;CIP Recirculation UV Unit;0;25;0,19;0,2;-0,01;13,6;1;0;14,3;System In Line;System Ok;500;35;02-01-2023 14:48:50
02-01-2023;14:48:55;Cleaning In Place;CIP Recirculation UV Unit;0;25;0,19;0,2;-0,01;13,6;1;0;14,3;System In Line;System Ok;500;35;02-01-2023 14:48:55
02-01-2023;14:49:01;Cleaning In Place;CIP Recirculation UV Unit;0;25;0,19;0,2;-0,01;13,7;1;0;14,3;System In Line;System Ok;500;35;02-01-2023 14:49:01
02-01-2023;14:49:06;Cleaning In Place;CIP Recirculation UV Unit;0;25;0,19;0,2;-0,01;13,7;1;0;14,3;System In Line;System Ok;500;35;02-01-2023 14:49:06
02-01-2023;14:49:12;Cleaning In Place;CIP Recirculation UV Unit;0;25;0,2;0,2;-0,01;13,7;1;0;14,3;System In Line;System Ok;500;35;02-01-2023 14:49:12
02-01-2023;14:49:17;Cleaning In Place;CIP Recirculation UV Unit;0;25;0,2;0,2;0;13,7;1;0;14,3;System In Line;System Ok;500;35;02-01-2023 14:49:17
02-01-2023;14:49:23;Cleaning In Place;CIP Recirculation UV Unit;0;25;0,2;0,2;0;13,7;1;0;14,3;System In Line;System Ok;500;35;02-01-2023 14:49:23
02-01-2023;14:49:29;Cleaning In Place;CIP Recirculation UV Unit;0;25;0,2;0,2;0;13,7;1;0;14,3;System In Line;System Ok;500;35;02-01-2023 14:49:29
02-01-2023;14:49:34;Cleaning In Place;CIP Recirculation UV Unit;0;25;0,2;0,21;0;13,7;1;0;14,3;System In Line;System Ok;500;35;02-01-2023 14:49:34
02-01-2023;14:49:39;Cleaning In Place;CIP Recirculation UV Unit;0;25;0,2;0,21;-0,01;13,7;1;0;14,3;System In Line;System Ok;500;35;02-01-2023 14:49:39
02-01-2023;14:49:45;Cleaning In Place;CIP Recirculation UV Unit;0;25;0,2;0,21;-0,01;13,7;1;0;14,3;System In Line;System Ok;500;35;02-01-2023 14:49:45
02-01-2023;14:49:50;Cleaning In Place;CIP Recirculation UV Unit;0;25;0,2;0,21;-0,01;13,7;1;0;14,3;System In Line;System Ok;500;35;02-01-2023 14:49:50
02-01-2023;14:49:56;Cleaning In Place;CIP Recirculation UV Unit;0;25;0,2;0,21;-0,01;13,7;1;0;14,3;System In Line;System Ok;500;35;02-01-2023 14:49:56
02-01-2023;14:50:01;Cleaning In Place;CIP Recirculation UV Unit;0;25;0,21;0,21;-0,01;13,7;1;0;14,3;System In Line;System Ok;500;35;02-01-2023 14:50:01
02-01-2023;14:50:07;Cleaning In Place;CIP Recirculation UV Unit;0;25;0,21;0,21;0;13,7;1;0;14,3;System In Line;System Ok;500;35;02-01-2023 14:50:07
02-01-2023;14:50:12;Cleaning In Place;CIP Recirculation UV Unit;0;25;0,21;0,22;0;13,7;1;0;14,3;System In Line;System Ok;500;35;02-01-2023 14:50:12
02-01-2023;14:50:18;Cleaning In Place;CIP Recirculation UV Unit;0;25;0,21;0,22;-0,01;13,7;1;0;14,3;System In Line;System Ok;500;35;02-01-2023 14:50:18
02-01-2023;14:50:23;Cleaning In Place;CIP Recirculation UV Unit;0;25;0,21;0,22;-0,01;13,7;1;0;14,3;System In Line;System Ok;500;35;02-01-2023 14:50:23
02-01-2023;14:50:29;Cleaning In Place;CIP Recirculation UV Unit;0;25;0,21;0,22;-0,01;13,7;1;0;14,3;System In Line;System Ok;500;35;02-01-2023 14:50:29
02-01-2023;14:50:34;Cleaning In Place;CIP Recirculation UV Unit;0;25;0,21;0,22;-0,01;13,8;1;0;14,3;System In Line;System Ok;500;35;02-01-2023 14:50:34
02-01-2023;14:50:40;Cleaning In Place;CIP Recirculation UV Unit;0;25;0,22;0,22;-0,01;13,8;1;0;14,3;System In Line;System Ok;500;35;02-01-2023 14:50:40
02-01-2023;14:50:45;Cleaning In Place;CIP Recirculation UV Unit;0;25;0,22;0,22;0;13,8;1;0;14,3;System In Line;System Ok;500;35;02-01-2023 14:50:45
02-01-2023;14:50:51;Cleaning In Place;CIP Recirculation UV Unit;0;25;0,22;0,23;0;13,8;1;0;14,3;System In Line;System Ok;500;35;02-01-2023 14:50:51
02-01-2023;14:50:57;Cleaning In Place;CIP Recirculation UV Unit;0;25;0,22;0,23;-0,01;13,8;1;0;14,3;System In Line;System Ok;500;35;02-01-2023 14:50:57
02-01-2023;14:51:02;Cleaning In Place;CIP Recirculation UV Unit;0;25;0,22;0,23;-0,01;13,8;1;0;14,3;System In Line;System Ok;500;35;02-01-2023 14:51:02
02-01-2023;14:51:07;Cleaning In Place;CIP Recirculation UV Unit;0;25;0,22;0,23;-0,01;13,8;1;0;14,3;System In Line;System Ok;500;35;02-01-2023 14:51:07
02-01-2023;14:51:13;Cleaning In Place;CIP Recirculation UV Unit;0;25;0,22;0,23;-0,01;13,8;1;0;14,3;System In Line;System Ok;500;35;02-01-2023 14:51:13
02-01-2023;14:51:18;Cleaning In Place;CIP Recirculation UV Unit;0;25;0,23;0,23;-0,01;13,8;1;0;14,3;System In Line;System Ok;500;35;02-01-2023 14:51:18
02-01-2023;14:51:24;Cleaning In Place;CIP Recirculation UV Unit;0;25;0,23;0,23;0;13,8;1;0;14,3;System In Line;System Ok;500;35;02-01-2023 14:51:24
02-01-2023;14:51:30;Cleaning In Place;CIP Recirculation UV Unit;0;25;0,23;0,24;-0,01;13,8;1;0;14,3;System In Line;System Ok;500;35;02-01-2023 14:51:30
02-01-2023;14:51:35;Cleaning In Place;CIP Recirculation UV Unit;0;25;0,23;0,24;-0,01;13,8;1;0;14,3;System In Line;System Ok;500;35;02-01-2023 14:51:35
02-01-2023;14:51:41;Cleaning In Place;CIP Recirculation UV Unit;0;25;0,23;0,24;-0,01;13,8;1;0;14,3;System In Line;System Ok;500;35;02-01-2023 14:51:41
02-01-2023;14:51:46;Cleaning In Place;CIP Recirculation UV Unit;0;25;0,23;0,24;-0,01;13,8;1;0;14,3;System In Line;System Ok;500;35;02-01-2023 14:51:46
02-01-2023;14:51:52;Cleaning In Place;CIP Recirculation UV Unit;0;25;0,24;0,25;-0,01;13,8;1;0;14,3;System In Line;System Ok;500;35;02-01-2023 14:51:52
02-01-2023;14:51:57;Cleaning In Place;CIP Recirculation UV Unit;0;25;0,24;0,25;-0,01;13,8;1;0;14,3;System In Line;System Ok;500;35;02-01-2023 14:51:57
02-01-2023;14:52:03;Cleaning In Place;CIP Recirculation UV Unit;0;25;0,24;0,25;-0,01;13,9;1;0;14,3;System In Line;System Ok;500;35;02-01-2023 14:52:03
02-01-2023;14:52:08;Cleaning In Place;CIP Recirculation UV Unit;0;25;0,24;0,25;-0,01;13,9;1;0;14,3;System In Line;System Ok;500;35;02-01-2023 14:52:08
02-01-2023;14:52:14;Cleaning In Place;CIP Recirculation UV Unit;0;25;0,24;0,25;-0,01;13,9;1;0;14,3;System In Line;System Ok;500;35;02-01-2023 14:52:14
02-01-2023;14:52:19;Cleaning In Place;CIP Recirculation UV Unit;0;25;0,24;0,25;-0,01;13,9;1;0;14,3;System In Line;System Ok;500;35;02-01-2023 14:52:19
02-01-2023;14:52:25;Cleaning In Place;CIP Recirculation UV Unit;0;25;0,25;0,26;-0,01;13,9;1;0;14,3;System In Line;System Ok;500;35;02-01-2023 14:52:25
02-01-2023;14:52:30;Cleaning In Place;CIP Recirculation UV Unit;0;25;0,25;0,26;-0,01;13,9;1;0;14,3;System In Line;System Ok;500;35;02-01-2023 14:52:30
02-01-2023;14:52:36;Cleaning In Place;CIP Recirculation UV Unit;0;25;0,25;0,26;-0,01;13,9;1;0;14,3;System In Line;System Ok;500;35;02-01-2023 14:52:36
02-01-2023;14:52:41;Cleaning In Place;CIP Recirculation UV Unit;0;25;0,25;0,26;-0,01;13,9;1;0;14,3;System In Line;System Ok;500;35;02-01-2023 14:52:41
02-01-2023;14:52:47;Cleaning In Place;CIP Recirculation UV Unit;0;25;0,25;0,26;-0,01;13,9;1;0;14,3;System In Line;System Ok;500;35;02-01-2023 14:52:47
02-01-2023;14:52:52;Cleaning In Place;CIP Recirculation UV Unit;0;25;0,25;0,27;-0,01;13,9;1;0;14,3;System In Line;System Ok;500;35;02-01-2023 14:52:52
02-01-2023;14:52:58;Cleaning In Place;CIP Recirculation UV Unit;0;25;0,26;0,27;-0,01;13,9;1;0;14,3;System In Line;System Ok;500;35;02-01-2023 14:52:58
02-01-2023;14:53:03;Cleaning In Place;CIP Recirculation UV Unit;0;25;0,26;0,27;-0,01;13,9;1;0;14,3;System In Line;System Ok;500;35;02-01-2023 14:53:03
02-01-2023;14:53:09;Cleaning In Place;CIP Recirculation UV Unit;0;25;0,26;0,27;-0,01;13,9;1;0;14,3;System In Line;System Ok;500;35;02-01-2023 14:53:09
02-01-2023;14:53:14;Cleaning In Place;CIP Recirculation UV Unit;0;25;0,26;0,27;-0,01;13,9;1;0;14,3;System In Line;System Ok;500;35;02-01-2023 14:53:14
02-01-2023;14:53:20;Cleaning In Place;CIP Recirculation UV Unit;0;25;0,26;0,27;-0,01;13,9;1;0;14,3;System In Line;System Ok;500;35;02-01-2023 14:53:20
02-01-2023;14:53:25;Cleaning In Place;CIP Recirculation UV Unit;0;25;0,27;0,28;-0,01;14;1;0;14,3;System In Line;System Ok;500;35;02-01-2023 14:53:25
02-01-2023;14:53:31;Cleaning In Place;CIP Recirculation UV Unit;0;25;0,27;0,28;-0,01;14;1;0;14,3;System In Line;System Ok;500;35;02-01-2023 14:53:31
02-01-2023;14:53:36;Cleaning In Place;CIP Recirculation UV Unit;0;25;0,27;0,28;-0,01;14;1;0;14,3;System In Line;System Ok;500;35;02-01-2023 14:53:36
02-01-2023;14:53:42;Cleaning In Place;CIP Recirculation UV Unit;0;25;0,27;0,28;-0,01;14;1;0;14,3;System In Line;System Ok;500;35;02-01-2023 14:53:42
02-01-2023;14:53:47;Cleaning In Place;CIP Recirculation UV Unit;0;25;0,27;0,28;-0,01;14;1;0;14,3;System In Line;System Ok;500;35;02-01-2023 14:53:47
02-01-2023;14:53:53;Cleaning In Place;CIP Recirculation UV Unit;0;25;0,28;0,29;-0,01;14;1;0;14,3;System In Line;System Ok;500;35;02-01-2023 14:53:53
02-01-2023;14:53:58;Cleaning In Place;CIP Recirculation UV Unit;0;25;0,28;0,29;-0,01;14;1;0;14,3;System In Line;System Ok;500;35;02-01-2023 14:53:58
02-01-2023;14:54:04;Cleaning In Place;CIP Recirculation UV Unit;0;25;0,28;0,29;-0,01;14;1;0;14,3;System In Line;System Ok;500;35;02-01-2023 14:54:04
02-01-2023;14:54:09;Cleaning In Place;CIP Recirculation UV Unit;0;25;0,28;0,29;-0,01;14;1;0;14,3;System In Line;System Ok;500;35;02-01-2023 14:54:09
02-01-2023;14:54:15;Cleaning In Place;CIP Recirculation UV Unit;0;25;0,28;0,3;-0,01;14;1;0;14,3;System In Line;System Ok;500;35;02-01-2023 14:54:15
02-01-2023;14:54:20;Cleaning In Place;CIP Recirculation UV Unit;0;25;0,28;0,3;-0,02;14;1;0;14,3;System In Line;System Ok;500;35;02-01-2023 14:54:20
02-01-2023;14:54:26;Cleaning In Place;CIP Recirculation UV Unit;0;25;0,29;0,3;-0,02;14;1;0;14,3;System In Line;System Ok;500;35;02-01-2023 14:54:26
02-01-2023;14:54:31;Cleaning In Place;CIP Recirculation UV Unit;0;25;0,29;0,3;-0,01;14;1;0;14,3;System In Line;System Ok;500;35;02-01-2023 14:54:31
02-01-2023;14:54:37;Cleaning In Place;CIP Recirculation UV Unit;0;25;0,29;0,3;-0,01;14;1;0;14,3;System In Line;System Ok;500;35;02-01-2023 14:54:37
02-01-2023;14:54:42;Cleaning In Place;CIP Recirculation UV Unit;0;25;0,29;0,31;-0,01;14;1;0;14,3;System In Line;System Ok;500;35;02-01-2023 14:54:42
02-01-2023;14:54:48;Cleaning In Place;CIP Recirculation UV Unit;0;25;0,29;0,31;-0,02;14;1;0;14,3;System In Line;System Ok;500;35;02-01-2023 14:54:48
02-01-2023;14:54:53;Cleaning In Place;CIP Recirculation UV Unit;0;25;0,3;0,31;-0,02;14;1;0;14,3;System In Line;System Ok;500;35;02-01-2023 14:54:53
02-01-2023;14:54:59;Cleaning In Place;CIP Recirculation UV Unit;0;25;0,3;0,31;-0,01;14,1;1;0;14,3;System In Line;System Ok;500;35;02-01-2023 14:54:59
02-01-2023;14:55:04;Cleaning In Place;CIP Recirculation UV Unit;0;25;0,3;0,32;-0,01;14,1;1;0;14,3;System In Line;System Ok;500;35;02-01-2023 14:55:04
02-01-2023;14:55:10;Cleaning In Place;CIP Recirculation UV Unit;0;25;0,3;0,32;-0,02;14,1;1;0;14,3;System In Line;System Ok;500;35;02-01-2023 14:55:10
02-01-2023;14:55:15;Cleaning In Place;CIP Recirculation UV Unit;0;25;0,3;0,32;-0,02;14,1;1;0;14,3;System In Line;System Ok;500;35;02-01-2023 14:55:15
02-01-2023;14:55:21;Cleaning In Place;CIP Recirculation UV Unit;0;25;0,31;0,32;-0,02;14,1;1;0;14,3;System In Line;System Ok;500;35;02-01-2023 14:55:21
02-01-2023;14:55:26;Cleaning In Place;CIP Recirculation UV Unit;0;25;0,31;0,32;-0,01;14,1;1;0;14,3;System In Line;System Ok;500;35;02-01-2023 14:55:26
02-01-2023;14:55:32;Cleaning In Place;CIP Recirculation UV Unit;0;25;0,31;0,33;-0,01;14,1;1;0;14,3;System In Line;System Ok;500;35;02-01-2023 14:55:32
02-01-2023;14:55:37;Cleaning In Place;CIP Recirculation UV Unit;0;25;0,31;0,33;-0,02;14,1;1;0;14,3;System In Line;System Ok;500;35;02-01-2023 14:55:37
02-01-2023;14:55:43;Cleaning In Place;CIP Recirculation UV Unit;0;25;0,31;0,33;-0,02;14,1;1;0;14,3;System In Line;System Ok;500;35;02-01-2023 14:55:43
02-01-2023;14:55:48;Cleaning In Place;CIP Recirculation UV Unit;0;25;0,32;0,33;-0,02;14,1;1;0;14,3;System In Line;System Ok;500;35;02-01-2023 14:55:48
02-01-2023;14:55:54;Cleaning In Place;CIP Recirculation UV Unit;0;25;0,32;0,33;-0,01;14,1;1;0;14,3;System In Line;System Ok;500;35;02-01-2023 14:55:54
02-01-2023;14:55:59;Cleaning In Place;CIP Recirculation UV Unit;0;25;0,32;0,34;-0,01;14,1;1;0;14,3;System In Line;System Ok;500;35;02-01-2023 14:55:59
02-01-2023;14:56:05;Cleaning In Place;CIP Recirculation UV Unit;0;25;0,32;0,34;-0,02;14,1;1;0;14,3;System In Line;System Ok;500;35;02-01-2023 14:56:05
02-01-2023;14:56:10;Cleaning In Place;CIP Recirculation UV Unit;0;25;0,33;0,34;-0,02;14,1;1;0;14,3;System In Line;System Ok;500;35;02-01-2023 14:56:10
02-01-2023;14:56:16;Cleaning In Place;CIP Recirculation UV Unit;0;25;0,33;0,34;-0,01;14,1;1;0;14,3;System In Line;System Ok;500;35;02-01-2023 14:56:16
02-01-2023;14:56:21;Cleaning In Place;CIP Recirculation UV Unit;0;25;0,33;0,35;-0,01;14,1;1;0;14,3;System In Line;System Ok;500;35;02-01-2023 14:56:21
02-01-2023;14:56:27;Cleaning In Place;CIP Recirculation UV Unit;0;25;0,33;0,35;-0,02;14,1;1;0;14,3;System In Line;System Ok;500;35;02-01-2023 14:56:27
02-01-2023;14:56:32;Cleaning In Place;CIP Recirculation UV Unit;0;25;0,33;0,35;-0,02;14,1;1;0;14,3;System In Line;System Ok;500;35;02-01-2023 14:56:32
02-01-2023;14:56:38;Cleaning In Place;CIP Recirculation UV Unit;0;25;0,34;0,35;-0,02;14,1;1;0;14,3;System In Line;System Ok;500;35;02-01-2023 14:56:38
02-01-2023;14:56:43;Cleaning In Place;CIP Recirculation UV Unit;0;25;0,34;0,35;-0,01;14,2;1;0;14,3;System In Line;System Ok;500;35;02-01-2023 14:56:43
02-01-2023;14:56:49;Cleaning In Place;CIP Recirculation UV Unit;0;25;0,34;0,36;-0,02;14,2;1;0;14,3;System In Line;System Ok;500;35;02-01-2023 14:56:49
02-01-2023;14:56:54;Cleaning In Place;CIP Recirculation UV Unit;0;25;0,34;0,36;-0,02;14,2;1;0;14,3;System In Line;System Ok;500;35;02-01-2023 14:56:54
02-01-2023;14:57:00;Cleaning In Place;CIP Recirculation UV Unit;0;25;0,34;0,36;-0,02;14,2;1;0;14,3;System In Line;System Ok;500;35;02-01-2023 14:57:00
02-01-2023;14:57:05;Cleaning In Place;CIP Recirculation UV Unit;0;25;0,35;0,36;-0,02;14,2;1;0;14,3;System In Line;System Ok;500;35;02-01-2023 14:57:05
02-01-2023;14:57:11;Cleaning In Place;CIP Recirculation UV Unit;0;25;0,35;0,37;-0,01;14,2;1;0;14,3;System In Line;System Ok;500;35;02-01-2023 14:57:11
02-01-2023;14:57:16;Cleaning In Place;CIP Recirculation UV Unit;0;25;0,35;0,37;-0,02;14,2;1;0;14,3;System In Line;System Ok;500;35;02-01-2023 14:57:16
02-01-2023;14:57:22;Cleaning In Place;CIP Recirculation UV Unit;0;25;0,35;0,37;-0,02;14,2;1;0;14,3;System In Line;System Ok;500;35;02-01-2023 14:57:22
02-01-2023;14:57:27;Cleaning In Place;CIP Recirculation UV Unit;0;25;0,36;0,37;-0,02;14,2;1;0;14,3;System In Line;System Ok;500;35;02-01-2023 14:57:27
02-01-2023;14:57:33;Cleaning In Place;CIP Recirculation UV Unit;0;25;0,36;0,38;-0,01;14,2;1;0;14,3;System In Line;System Ok;500;35;02-01-2023 14:57:33
02-01-2023;14:57:38;Cleaning In Place;CIP Recirculation UV Unit;0;25;0,36;0,38;-0,02;14,2;1;0;14,3;System In Line;System Ok;500;35;02-01-2023 14:57:38
02-01-2023;14:57:44;Cleaning In Place;CIP Recirculation UV Unit;0;25;0,36;0,38;-0,02;14,2;1;0;14,3;System In Line;System Ok;500;35;02-01-2023 14:57:44
02-01-2023;14:57:49;Cleaning In Place;CIP Recirculation UV Unit;0;25;0,37;0,38;-0,02;14,2;1;0;14,3;System In Line;System Ok;500;35;02-01-2023 14:57:49
02-01-2023;14:57:55;Cleaning In Place;CIP Recirculation UV Unit;0;25;0,37;0,39;-0,01;14,2;1;0;14,3;System In Line;System Ok;500;35;02-01-2023 14:57:55
02-01-2023;14:58:00;Cleaning In Place;CIP Recirculation UV Unit;0;25;0,37;0,39;-0,01;14,2;1;0;14,3;System In Line;System Ok;500;35;02-01-2023 14:58:00
02-01-2023;14:58:06;Cleaning In Place;CIP Recirculation UV Unit;0;25;0,37;0,39;-0,02;14,2;1;0;14,3;System In Line;System Ok;500;35;02-01-2023 14:58:06
02-01-2023;14:58:11;Cleaning In Place;CIP Recirculation UV Unit;0;25;0,38;0,39;-0,02;14,2;1;0;14,3;System In Line;System Ok;500;35;02-01-2023 14:58:11
02-01-2023;14:58:17;Cleaning In Place;CIP Recirculation UV Unit;0;25;0,38;0,4;-0,01;14,2;1;0;14,3;System In Line;System Ok;500;35;02-01-2023 14:58:17
02-01-2023;14:58:22;Cleaning In Place;CIP Recirculation UV Unit;0;25;0,38;0,4;-0,02;14,3;1;0;14,3;System In Line;System Ok;500;35;02-01-2023 14:58:22
02-01-2023;15:03:25;Cleaning In Place;System Ready;0;0;0,44;0,42;0,01;14,4;1;0;14,3;System In Line;System Ok;500;35;02-01-2023 15:03:25
02-01-2023;15:08:25;Cleaning In Place;System Ready;0;0;0,49;0,47;0,01;14,4;1;0;14,3;System In Line;System Ok;500;35;02-01-2023 15:08:25
02-01-2023;15:13:26;Cleaning In Place;System Ready;0;0;0,53;0,52;0,01;14,5;1;0;14,3;System In Line;System Ok;500;35;02-01-2023 15:13:26
02-01-2023;15:18:26;Cleaning In Place;System Ready;0;0;0,58;0,57;0,01;14,5;1;0;14,3;System In Line;System Ok;500;35;02-01-2023 15:18:26
02-01-2023;15:23:27;Cleaning In Place;System Ready;0;0;0,62;0,61;0,01;14,6;1;0;14,3;System In Line;System Ok;500;35;02-01-2023 15:23:27
02-01-2023;15:28:27;Cleaning In Place;System Ready;0;0;0,66;0,65;0,01;14,7;1;0;14,3;System In Line;System Ok;500;35;02-01-2023 15:28:27
02-01-2023;15:33:28;Cleaning In Place;System Ready;0;0;0,7;0,69;0,01;14,7;1;0;14,3;System In Line;System Ok;500;35;02-01-2023 15:33:28
02-01-2023;15:38:27;Cleaning In Place;System Ready;0;0;0,73;0,72;0,01;14,8;1;0;14,3;System In Line;System Ok;500;35;02-01-2023 15:38:27
02-01-2023;15:43:28;Cleaning In Place;System Ready;0;0;0,77;0,76;0,01;14,9;1;0;14,3;System In Line;System Ok;500;35;02-01-2023 15:43:28
02-01-2023;15:48:28;Cleaning In Place;System Ready;0;0;0,8;0,79;0,01;14,9;1;0;14,3;System In Line;System Ok;500;35;02-01-2023 15:48:28
02-01-2023;15:53:29;Cleaning In Place;System Ready;0;0;0,83;0,82;0,01;15;1;0;14,3;System In Line;System Ok;500;35;02-01-2023 15:53:29
02-01-2023;15:58:29;System Idle;system Idle;0;0;0,86;0,85;0,01;15,1;1;0;14,3;System In Line;System Ok;500;35;02-01-2023 15:58:29
02-01-2023;16:03:30;System Idle;system Idle;0;0;0,89;0,88;0,01;15,1;1;0;14,3;System In Line;System Ok;500;35;02-01-2023 16:03:30
02-01-2023;16:08:30;System Idle;system Idle;0;0;0,92;0,91;0,01;15,2;1;0;14,3;System In Line;System Ok;500;35;02-01-2023 16:08:30
02-01-2023;16:13:31;System Idle;system Idle;0;0;0,95;0,93;0,02;15,3;1;0;14,3;System In Line;System Ok;500;35;02-01-2023 16:13:31
02-01-2023;16:18:32;System Idle;system Idle;0;0;0,97;0,96;0,01;15,4;1;0;14,3;System In Line;System Ok;500;35;02-01-2023 16:18:32
02-01-2023;16:23:32;System Idle;system Idle;0;0;1;0,99;0,01;15,4;1;0;14,3;System In Line;System Ok;500;35;02-01-2023 16:23:32
02-01-2023;16:28:33;System Idle;system Idle;0;0;1,03;1,01;0,01;15,5;1;0;14,3;System In Line;System Ok;500;35;02-01-2023 16:28:33
02-01-2023;16:33:33;System Idle;system Idle;0;0;1,05;1,04;0,01;15,5;1;0;14,3;System In Line;System Ok;500;35;02-01-2023 16:33:33
02-01-2023;16:38:34;System Idle;system Idle;0;0;1,07;1,06;0,01;15,6;1;0;14,3;System In Line;System Ok;500;35;02-01-2023 16:38:34
02-01-2023;16:43:34;System Idle;system Idle;0;0;1,1;1,09;0,01;15,7;1;0;14,3;System In Line;System Ok;500;35;02-01-2023 16:43:34
02-01-2023;16:48:35;System Idle;system Idle;0;0;1,12;1,11;0,01;15,8;1;0;14,3;System In Line;System Ok;500;35;02-01-2023 16:48:35
02-01-2023;16:53:35;System Idle;system Idle;0;0;1,15;1,14;0,01;15,8;1;0;14,3;System In Line;System Ok;500;35;02-01-2023 16:53:35
02-01-2023;16:58:36;System Idle;system Idle;0;0;1,17;1,16;0,01;15,9;1;0;14,3;System In Line;System Ok;500;35;02-01-2023 16:58:36
02-01-2023;17:03:36;System Idle;system Idle;0;0;1,19;1,18;0,01;16;1;0;14,3;System In Line;System Ok;500;35;02-01-2023 17:03:36
02-01-2023;17:08:37;System Idle;system Idle;0;0;1,22;1,21;0,02;16;1;0;14,3;System In Line;System Ok;500;35;02-01-2023 17:08:37
02-01-2023;17:13:37;System Idle;system Idle;0;0;1,24;1,23;0,01;16,1;1;0;14,3;System In Line;System Ok;500;35;02-01-2023 17:13:37
02-01-2023;17:18:38;System Idle;system Idle;0;0;1,26;1,25;0,01;16,1;1;0;14,3;System In Line;System Ok;500;35;02-01-2023 17:18:38
02-01-2023;17:23:38;System Idle;system Idle;0;0;1,28;1,27;0,01;16,2;1;0;14,3;System In Line;System Ok;500;35;02-01-2023 17:23:38
02-01-2023;17:28:39;System Idle;system Idle;0;0;1,31;1,29;0,02;16,3;1;0;14,3;System In Line;System Ok;500;35;02-01-2023 17:28:39
02-01-2023;17:33:39;System Idle;system Idle;0;0;1,33;1,32;0,01;16,3;1;0;14,3;System In Line;System Ok;500;35;02-01-2023 17:33:39
02-01-2023;17:38:40;System Idle;system Idle;0;0;1,35;1,34;0,01;16,4;1;0;14,3;System In Line;System Ok;500;35;02-01-2023 17:38:40
02-01-2023;17:43:40;System Idle;system Idle;0;0;1,37;1,36;0,01;16,4;1;0;14,3;System In Line;System Ok;500;35;02-01-2023 17:43:40
02-01-2023;17:48:41;System Idle;system Idle;0;0;1,4;1,38;0,01;16,5;1;0;14,3;System In Line;System Ok;500;35;02-01-2023 17:48:41
02-01-2023;17:53:41;System Idle;system Idle;0;0;1,42;1,41;0,01;16,6;1;0;14,3;System In Line;System Ok;500;35;02-01-2023 17:53:41
02-01-2023;17:58:42;System Idle;system Idle;0;0;1,44;1,43;0,01;16,7;1;0;14,3;System In Line;System Ok;500;35;02-01-2023 17:58:42
02-01-2023;18:03:42;System Idle;system Idle;0;0;1,46;1,45;0,01;16,7;1;0;14,3;System In Line;System Ok;500;35;02-01-2023 18:03:42
02-01-2023;18:08:43;System Idle;system Idle;0;0;1,49;1,48;0,02;16,8;1;0;14,3;System In Line;System Ok;500;35;02-01-2023 18:08:43
02-01-2023;18:13:43;System Idle;system Idle;0;0;1,51;1,5;0,01;16,8;1;0;14,3;System In Line;System Ok;500;35;02-01-2023 18:13:43
02-01-2023;18:18:44;System Idle;system Idle;0;0;1,53;1,52;0,01;16,9;1;0;14,3;System In Line;System Ok;500;35;02-01-2023 18:18:44
02-01-2023;18:23:44;System Idle;system Idle;0;0;1,55;1,54;0,01;16,9;1;0;14,3;System In Line;System Ok;500;35;02-01-2023 18:23:44
02-01-2023;18:28:45;System Idle;system Idle;0;0;1,57;1,56;0,01;16,9;1;0;14,3;System In Line;System Ok;500;35;02-01-2023 18:28:45
02-01-2023;18:33:45;System Idle;system Idle;0;0;1,59;1,58;0,01;17;1;0;14,3;System In Line;System Ok;500;35;02-01-2023 18:33:45
02-01-2023;18:38:46;System Idle;system Idle;0;0;1,62;1,61;0,01;17,1;1;0;14,3;System In Line;System Ok;500;35;02-01-2023 18:38:46
02-01-2023;18:43:46;System Idle;system Idle;0;0;1,64;1,63;0,01;17,1;1;0;14,3;System In Line;System Ok;500;35;02-01-2023 18:43:46
02-01-2023;18:48:47;System Idle;system Idle;0;0;1,66;1,65;0,01;17,2;1;0;14,3;System In Line;System Ok;500;35;02-01-2023 18:48:47
02-01-2023;18:53:48;System Idle;system Idle;0;0;1,68;1,67;0,01;17,2;1;0;14,3;System In Line;System Ok;500;35;02-01-2023 18:53:48
02-01-2023;18:58:48;System Idle;system Idle;0;0;1,7;1,69;0,01;17,3;1;0;14,3;System In Line;System Ok;500;35;02-01-2023 18:58:48
02-01-2023;19:03:49;System Idle;system Idle;0;0;1,72;1,71;0,01;17,3;1;0;14,3;System In Line;System Ok;500;35;02-01-2023 19:03:49
02-01-2023;19:08:49;System Idle;system Idle;0;0;1,74;1,73;0,01;17,4;1;0;14,3;System In Line;System Ok;500;35;02-01-2023 19:08:49
02-01-2023;19:13:50;System Idle;system Idle;0;0;1,76;1,75;0,02;17,4;1;0;14,3;System In Line;System Ok;500;35;02-01-2023 19:13:50
02-01-2023;19:18:50;System Idle;system Idle;0;0;1,79;1,78;0,01;17,5;1;0;14,3;System In Line;System Ok;500;35;02-01-2023 19:18:50
02-01-2023;19:23:51;System Idle;system Idle;0;0;1,81;1,8;0,01;17,5;1;0;14,3;System In Line;System Ok;500;35;02-01-2023 19:23:51
02-01-2023;19:28:51;System Idle;system Idle;0;0;1,83;1,82;0,01;17,5;1;0;14,3;System In Line;System Ok;500;35;02-01-2023 19:28:51
02-01-2023;19:33:52;System Idle;system Idle;0;0;1,85;1,84;0,01;17,6;1;0;14,3;System In Line;System Ok;500;35;02-01-2023 19:33:52
02-01-2023;19:38:52;System Idle;system Idle;0;0;1,87;1,86;0,01;17,6;1;0;14,3;System In Line;System Ok;500;35;02-01-2023 19:38:52
02-01-2023;19:43:53;System Idle;system Idle;0;0;1,89;1,88;0,01;17,7;1;0;14,3;System In Line;System Ok;500;35;02-01-2023 19:43:53
02-01-2023;19:48:53;System Idle;system Idle;0;0;1,91;1,9;0,01;17,7;1;0;14,3;System In Line;System Ok;500;35;02-01-2023 19:48:53
02-01-2023;19:53:54;System Idle;system Idle;0;0;1,93;1,92;0,01;17,8;1;0;14,3;System In Line;System Ok;500;35;02-01-2023 19:53:54
02-01-2023;19:58:54;System Idle;system Idle;0;0;1,95;1,94;0,01;17,8;1;0;14,3;System In Line;System Ok;500;35;02-01-2023 19:58:54
02-01-2023;20:03:55;System Idle;system Idle;0;0;1,97;1,96;0,01;17,9;1;0;14,3;System In Line;System Ok;500;35;02-01-2023 20:03:55
02-01-2023;20:08:54;System Idle;system Idle;0;0;1,99;1,98;0,01;17,9;1;0;14,3;System In Line;System Ok;500;35;02-01-2023 20:08:54
02-01-2023;20:13:55;System Idle;system Idle;0;0;2,01;2;0,01;18;1;0;14,3;System In Line;System Ok;500;35;02-01-2023 20:13:55
02-01-2023;20:18:55;System Idle;system Idle;0;0;2,03;2,02;0,01;18;1;0;14,3;System In Line;System Ok;500;35;02-01-2023 20:18:55
02-01-2023;20:23:56;System Idle;system Idle;0;0;2,05;2,04;0,01;18;1;0;14,3;System In Line;System Ok;500;35;02-01-2023 20:23:56
02-01-2023;20:28:56;System Idle;system Idle;0;0;2,07;2,06;0,01;18,1;1;0;14,3;System In Line;System Ok;500;35;02-01-2023 20:28:56
02-01-2023;20:33:57;System Idle;system Idle;0;0;2,08;2,07;0,01;18,1;1;0;14,3;System In Line;System Ok;500;35;02-01-2023 20:33:57
02-01-2023;20:38:57;System Idle;system Idle;0;0;2,1;2,09;0,01;18,1;1;0;14,3;System In Line;System Ok;500;35;02-01-2023 20:38:57
02-01-2023;20:43:58;System Idle;system Idle;0;0;2,12;2,11;0,01;18,2;1;0;14,3;System In Line;System Ok;500;35;02-01-2023 20:43:58
02-01-2023;20:48:58;System Idle;system Idle;0;0;2,14;2,13;0,01;18,2;1;0;14,3;System In Line;System Ok;500;35;02-01-2023 20:48:58
02-01-2023;20:53:59;System Idle;system Idle;0;0;2,16;2,15;0,01;18,3;1;0;14,3;System In Line;System Ok;500;35;02-01-2023 20:53:59
02-01-2023;20:58:59;System Idle;system Idle;0;0;2,17;2,16;0,01;18,3;1;0;14,3;System In Line;System Ok;500;35;02-01-2023 20:58:59
02-01-2023;21:04:00;System Idle;system Idle;0;0;2,19;2,18;0,01;18,3;1;0;14,3;System In Line;System Ok;500;35;02-01-2023 21:04:00
02-01-2023;21:09:00;System Idle;system Idle;0;0;2,21;2,2;0,01;18,4;1;0;14,3;System In Line;System Ok;500;35;02-01-2023 21:09:00
02-01-2023;21:14:01;System Idle;system Idle;0;0;2,23;2,22;0,02;18,4;1;0;14,3;System In Line;System Ok;500;35;02-01-2023 21:14:01
02-01-2023;21:19:01;System Idle;system Idle;0;0;2,24;2,23;0,01;18,4;1;0;14,3;System In Line;System Ok;500;35;02-01-2023 21:19:01
02-01-2023;21:24:02;System Idle;system Idle;0;0;2,26;2,25;0,01;18,5;1;0;14,3;System In Line;System Ok;500;35;02-01-2023 21:24:02
02-01-2023;21:29:02;System Idle;system Idle;0;0;2,28;2,27;0,01;18,5;1;0;14,3;System In Line;System Ok;500;35;02-01-2023 21:29:02
02-01-2023;21:34:03;System Idle;system Idle;0;0;2,3;2,29;0,02;18,5;1;0;14,3;System In Line;System Ok;500;35;02-01-2023 21:34:03
02-01-2023;21:39:03;System Idle;system Idle;0;0;2,31;2,3;0,01;18,6;1;0;14,3;System In Line;System Ok;500;35;02-01-2023 21:39:03
02-01-2023;21:44:04;System Idle;system Idle;0;0;2,33;2,32;0,01;18,6;1;0;14,3;System In Line;System Ok;500;35;02-01-2023 21:44:04
02-01-2023;21:49:05;System Idle;system Idle;0;0;2,35;2,34;0,01;18,7;1;0;14,3;System In Line;System Ok;500;35;02-01-2023 21:49:05
02-01-2023;21:54:05;System Idle;system Idle;0;0;2,36;2,35;0,01;18,7;1;0;14,3;System In Line;System Ok;500;35;02-01-2023 21:54:05
02-01-2023;21:59:06;System Idle;system Idle;0;0;2,38;2,37;0,01;18,7;1;0;14,3;System In Line;System Ok;500;35;02-01-2023 21:59:06
02-01-2023;22:04:06;System Idle;system Idle;0;0;2,4;2,39;0,01;18,8;1;0;14,3;System In Line;System Ok;500;35;02-01-2023 22:04:06
02-01-2023;22:09:07;System Idle;system Idle;0;0;2,41;2,4;0,01;18,8;1;0;14,3;System In Line;System Ok;500;35;02-01-2023 22:09:07
02-01-2023;22:14:07;System Idle;system Idle;0;0;2,43;2,42;0,01;18,8;1;0;14,3;System In Line;System Ok;500;35;02-01-2023 22:14:07
02-01-2023;22:19:08;System Idle;system Idle;0;0;2,44;2,43;0,01;18,8;1;0;14,3;System In Line;System Ok;500;35;02-01-2023 22:19:08
02-01-2023;22:24:08;System Idle;system Idle;0;0;2,46;2,45;0,01;18,9;1;0;14,3;System In Line;System Ok;500;35;02-01-2023 22:24:08
02-01-2023;22:29:09;System Idle;system Idle;0;0;2,48;2,47;0,01;18,9;1;0;14,3;System In Line;System Ok;500;35;02-01-2023 22:29:09
02-01-2023;22:34:09;System Idle;system Idle;0;0;2,49;2,48;0,01;18,9;1;0;14,3;System In Line;System Ok;500;35;02-01-2023 22:34:09
02-01-2023;22:39:10;System Idle;system Idle;0;0;2,51;2,5;0,01;18,9;1;0;14,3;System In Line;System Ok;500;35;02-01-2023 22:39:10
02-01-2023;22:44:10;System Idle;system Idle;0;0;2,53;2,52;0,01;19;1;0;14,3;System In Line;System Ok;500;35;02-01-2023 22:44:10
02-01-2023;22:49:11;System Idle;system Idle;0;0;2,54;2,53;0,01;19;1;0;14,3;System In Line;System Ok;500;35;02-01-2023 22:49:11
02-01-2023;22:54:11;System Idle;system Idle;0;0;2,56;2,55;0,01;19;1;0;14,3;System In Line;System Ok;500;35;02-01-2023 22:54:11
02-01-2023;22:59:12;System Idle;system Idle;0;0;2,57;2,56;0,01;19,1;1;0;14,3;System In Line;System Ok;500;35;02-01-2023 22:59:12
02-01-2023;23:04:12;System Idle;system Idle;0;0;2,59;2,58;0,01;19,1;1;0;14,3;System In Line;System Ok;500;35;02-01-2023 23:04:12
02-01-2023;23:09:13;System Idle;system Idle;0;0;2,6;2,59;0,01;19,1;1;0;14,3;System In Line;System Ok;500;35;02-01-2023 23:09:13
02-01-2023;23:14:13;System Idle;system Idle;0;0;2,62;2,61;0,01;19,2;1;0;14,3;System In Line;System Ok;500;35;02-01-2023 23:14:13
02-01-2023;23:19:14;System Idle;system Idle;0;0;2,63;2,62;0,01;19,2;1;0;14,3;System In Line;System Ok;500;35;02-01-2023 23:19:14
02-01-2023;23:24:15;System Idle;system Idle;0;0;2,65;2,64;0,01;19,2;1;0;14,3;System In Line;System Ok;500;35;02-01-2023 23:24:15
02-01-2023;23:29:15;System Idle;system Idle;0;0;2,66;2,65;0,01;19,2;1;0;14,3;System In Line;System Ok;500;35;02-01-2023 23:29:15
02-01-2023;23:34:15;System Idle;system Idle;0;0;2,68;2,67;0,01;19,2;1;0;14,3;System In Line;System Ok;500;35;02-01-2023 23:34:15
02-01-2023;23:39:16;System Idle;system Idle;0;0;2,7;2,69;0,01;19,2;1;0;14,3;System In Line;System Ok;500;35;02-01-2023 23:39:16
02-01-2023;23:44:17;System Idle;system Idle;0;0;2,71;2,7;0,01;19,3;1;0;14,3;System In Line;System Ok;500;35;02-01-2023 23:44:17
02-01-2023;23:49:17;System Idle;System not Ready;0;0;2,73;2,72;0,01;19,3;1;0;14,3;System ByPassed;System In Alarm;500;35;02-01-2023 23:49:17
02-01-2023;23:54:18;System Idle;System not Ready;0;0;2,74;2,73;0,01;19,4;1;0;14,3;System ByPassed;System In Alarm;500;35;02-01-2023 23:54:18
02-01-2023;23:59:18;System Idle;System not Ready;0;0;2,76;2,75;0,01;19,4;1;0;14,3;System ByPassed;System In Alarm;500;35;02-01-2023 23:59:18
